Price,Close,High,Low,Open,Volume
Ticker,BKNG,BKNG,BKNG,BKNG,BKNG
Datetime,,,,,
2023-06-01 13:30:00+00:00,2532.699951171875,2537.0,2500.35009765625,2503.1201171875,64475
2023-06-01 14:30:00+00:00,2550.81005859375,2554.125,2531.6201171875,2531.81494140625,37463
2023-06-01 15:30:00+00:00,2562.0,2564.5,2550.77001953125,2555.090087890625,31134
2023-06-01 16:30:00+00:00,2555.405029296875,2568.199951171875,2554.739990234375,2564.639892578125,26653
2023-06-01 17:30:00+00:00,2560.715087890625,2565.47509765625,2555.43994140625,2556.010009765625,26506
2023-06-01 18:30:00+00:00,2547.669921875,2563.06494140625,2547.669921875,2563.06494140625,30287
2023-06-01 19:30:00+00:00,2550.0,2551.925048828125,2545.0,2547.925048828125,45861
2023-06-02 13:30:00+00:00,2590.010009765625,2597.860107421875,2568.47998046875,2577.31005859375,61479
2023-06-02 14:30:00+00:00,2603.320068359375,2606.300048828125,2585.56494140625,2590.7099609375,34709
2023-06-02 15:30:00+00:00,2611.070068359375,2615.0,2600.8798828125,2604.125,30203
2023-06-02 16:30:00+00:00,2624.18994140625,2625.35009765625,2613.685791015625,2613.685791015625,25083
2023-06-02 17:30:00+00:00,2620.330078125,2626.0048828125,2614.7099609375,2624.1201171875,29335
2023-06-02 18:30:00+00:00,2622.68505859375,2627.889892578125,2620.0,2620.905029296875,27676
2023-06-02 19:30:00+00:00,2625.64990234375,2634.47998046875,2623.2548828125,2623.8701171875,60999
2023-06-05 13:30:00+00:00,2638.800048828125,2641.75,2617.3798828125,2617.3798828125,46131
2023-06-05 14:30:00+00:00,2653.02001953125,2653.739990234375,2637.81005859375,2643.385009765625,37727
2023-06-05 15:30:00+00:00,2660.989990234375,2660.989990234375,2649.60498046875,2653.469970703125,26237
2023-06-05 16:30:00+00:00,2661.22998046875,2666.60009765625,2658.6298828125,2662.8701171875,17632
2023-06-05 17:30:00+00:00,2656.419921875,2662.169921875,2652.6337890625,2662.139892578125,21527
2023-06-05 18:30:00+00:00,2668.260009765625,2669.989990234375,2651.9951171875,2659.530029296875,37219
2023-06-05 19:30:00+00:00,2671.0,2674.6201171875,2665.570068359375,2667.02001953125,72167
2023-06-06 13:30:00+00:00,2719.760009765625,2729.27001953125,2685.929931640625,2688.64990234375,79981
2023-06-06 14:30:00+00:00,2689.125,2717.85009765625,2688.514892578125,2716.739990234375,39138
2023-06-06 15:30:00+00:00,2702.43994140625,2702.43994140625,2684.510009765625,2689.0,27919
2023-06-06 16:30:00+00:00,2703.909912109375,2707.72998046875,2696.530029296875,2701.705078125,24013
2023-06-06 17:30:00+00:00,2691.360107421875,2705.679931640625,2688.93994140625,2703.821533203125,20443
2023-06-06 18:30:00+00:00,2694.989990234375,2705.419921875,2691.0,2691.2099609375,36944
2023-06-06 19:30:00+00:00,2708.110107421875,2708.7900390625,2691.919921875,2699.88037109375,55152
2023-06-07 13:30:00+00:00,2668.820068359375,2725.8798828125,2668.820068359375,2710.320068359375,59804
2023-06-07 14:30:00+00:00,2662.429931640625,2680.919921875,2658.840087890625,2675.820068359375,38556
2023-06-07 15:30:00+00:00,2639.110107421875,2662.260009765625,2638.070068359375,2659.699951171875,46954
2023-06-07 16:30:00+00:00,2657.43994140625,2665.639892578125,2636.570068359375,2636.570068359375,34553
2023-06-07 17:30:00+00:00,2658.199951171875,2668.219970703125,2644.989990234375,2659.199951171875,25088
2023-06-07 18:30:00+00:00,2644.56005859375,2658.840087890625,2642.929931640625,2658.840087890625,26721
2023-06-07 19:30:00+00:00,2644.169921875,2648.300048828125,2637.56005859375,2643.489990234375,47716
2023-06-08 13:30:00+00:00,2642.81005859375,2649.530029296875,2617.0,2617.0,46303
2023-06-08 14:30:00+00:00,2672.820068359375,2675.635009765625,2641.0400390625,2648.0,28797
2023-06-08 15:30:00+00:00,2665.419921875,2679.235107421875,2660.5048828125,2673.469970703125,23048
2023-06-08 16:30:00+00:00,2655.449951171875,2670.205078125,2652.949951171875,2664.199951171875,16870
2023-06-08 17:30:00+00:00,2651.580078125,2657.780029296875,2651.0849609375,2654.215087890625,18016
2023-06-08 18:30:00+00:00,2647.18994140625,2655.72802734375,2646.0400390625,2654.52001953125,23472
2023-06-08 19:30:00+00:00,2651.2900390625,2651.2900390625,2641.8701171875,2644.85009765625,49065
2023-06-09 13:30:00+00:00,2664.469970703125,2672.739990234375,2645.650146484375,2647.4599609375,60794
2023-06-09 14:30:00+00:00,2620.159912109375,2664.10009765625,2617.655029296875,2664.10009765625,45745
2023-06-09 15:30:00+00:00,2609.155029296875,2620.260009765625,2604.0,2617.47998046875,40179
2023-06-09 16:30:00+00:00,2610.39990234375,2612.429931640625,2605.0,2609.574951171875,24476
2023-06-09 17:30:00+00:00,2613.919921875,2616.429931640625,2610.550048828125,2611.125,23789
2023-06-09 18:30:00+00:00,2615.43505859375,2617.2548828125,2607.75,2614.1298828125,26885
2023-06-09 19:30:00+00:00,2605.35009765625,2617.219970703125,2604.330078125,2617.199951171875,52333
2023-06-12 13:30:00+00:00,2592.75,2627.260009765625,2580.10009765625,2626.22998046875,61241
2023-06-12 14:30:00+00:00,2590.010009765625,2596.3701171875,2585.4150390625,2595.7099609375,29979
2023-06-12 15:30:00+00:00,2594.5,2598.6298828125,2587.7451171875,2590.169921875,33180
2023-06-12 16:30:00+00:00,2597.02001953125,2602.35009765625,2593.1201171875,2593.1201171875,26588
2023-06-12 17:30:00+00:00,2598.1298828125,2600.73095703125,2595.215087890625,2597.35498046875,22613
2023-06-12 18:30:00+00:00,2611.070068359375,2611.070068359375,2599.699951171875,2599.699951171875,38830
2023-06-12 19:30:00+00:00,2605.679931640625,2611.405029296875,2600.64990234375,2609.219970703125,57466
2023-06-13 13:30:00+00:00,2593.3701171875,2629.919921875,2584.820068359375,2629.919921875,47384
2023-06-13 14:30:00+00:00,2609.199951171875,2612.219970703125,2594.330078125,2594.330078125,22721
2023-06-13 15:30:00+00:00,2591.804931640625,2607.7900390625,2591.804931640625,2607.7900390625,25605
2023-06-13 16:30:00+00:00,2602.248779296875,2602.248779296875,2589.580078125,2591.6201171875,26969
2023-06-13 17:30:00+00:00,2596.64990234375,2603.9599609375,2596.64990234375,2600.965087890625,16380
2023-06-13 18:30:00+00:00,2608.93505859375,2611.4599609375,2596.510009765625,2598.64990234375,27462
2023-06-13 19:30:00+00:00,2614.429931640625,2614.679931640625,2599.590087890625,2609.610107421875,55642
2023-06-14 13:30:00+00:00,2606.10009765625,2623.4951171875,2595.3701171875,2595.3701171875,35077
2023-06-14 14:30:00+00:00,2613.7900390625,2618.169921875,2604.919921875,2608.1201171875,21749
2023-06-14 15:30:00+00:00,2610.31005859375,2614.780029296875,2608.659912109375,2614.780029296875,13789
2023-06-14 16:30:00+00:00,2602.31005859375,2607.889892578125,2599.52001953125,2607.889892578125,13983
2023-06-14 17:30:00+00:00,2584.780029296875,2604.639892578125,2579.364990234375,2601.530029296875,32504
2023-06-14 18:30:00+00:00,2595.89990234375,2605.699951171875,2582.429931640625,2583.179931640625,37088
2023-06-14 19:30:00+00:00,2610.68994140625,2610.68994140625,2585.0,2596.590087890625,41404
2023-06-15 13:30:00+00:00,2618.860107421875,2626.090087890625,2587.175048828125,2595.5400390625,47094
2023-06-15 14:30:00+00:00,2634.0,2635.169921875,2619.324951171875,2624.300048828125,40102
2023-06-15 15:30:00+00:00,2634.320068359375,2642.06005859375,2628.530029296875,2638.10009765625,27117
2023-06-15 16:30:00+00:00,2637.300048828125,2642.2900390625,2628.2099609375,2635.31005859375,79867
2023-06-15 17:30:00+00:00,2646.7900390625,2647.469970703125,2639.389892578125,2639.389892578125,27044
2023-06-15 18:30:00+00:00,2668.8798828125,2674.090087890625,2647.81005859375,2647.81005859375,48490
2023-06-15 19:30:00+00:00,2671.699951171875,2678.360107421875,2668.969970703125,2670.159912109375,78574
2023-06-16 13:30:00+00:00,2690.56005859375,2702.2099609375,2668.969970703125,2702.2099609375,104532
2023-06-16 14:30:00+00:00,2661.340087890625,2691.9150390625,2661.330078125,2690.56494140625,49396
2023-06-16 15:30:00+00:00,2665.81005859375,2666.375,2657.304931640625,2664.199951171875,24111
2023-06-16 16:30:00+00:00,2664.56005859375,2666.590087890625,2655.735107421875,2665.800048828125,27730
2023-06-16 17:30:00+00:00,2662.110107421875,2671.300048828125,2660.705078125,2663.985107421875,24653
2023-06-16 18:30:00+00:00,2645.35009765625,2663.25,2643.5,2662.6201171875,37688
2023-06-16 19:30:00+00:00,2640.0,2648.5400390625,2632.159912109375,2646.199951171875,89301
2023-06-20 13:30:00+00:00,2617.39990234375,2669.969970703125,2617.169921875,2620.0,54927
2023-06-20 14:30:00+00:00,2622.909912109375,2626.264892578125,2613.969970703125,2613.969970703125,31296
2023-06-20 15:30:00+00:00,2628.25,2629.64990234375,2621.989990234375,2624.1201171875,35583
2023-06-20 16:30:00+00:00,2642.125,2652.739990234375,2629.945068359375,2629.945068359375,27570
2023-06-20 17:30:00+00:00,2625.39501953125,2641.760009765625,2622.3798828125,2641.760009765625,18533
2023-06-20 18:30:00+00:00,2632.60498046875,2633.517578125,2620.43994140625,2627.3798828125,22679
2023-06-20 19:30:00+00:00,2638.280029296875,2643.60009765625,2627.330078125,2630.64990234375,45189
2023-06-21 13:30:00+00:00,2627.0400390625,2641.929931640625,2620.0,2636.64990234375,40858
2023-06-21 14:30:00+00:00,2640.81005859375,2640.81005859375,2621.550048828125,2630.639892578125,20257
2023-06-21 15:30:00+00:00,2652.3701171875,2662.675048828125,2641.199951171875,2641.199951171875,20952
2023-06-21 16:30:00+00:00,2660.659912109375,2665.195068359375,2656.010009765625,2656.5400390625,16581
2023-06-21 17:30:00+00:00,2658.199951171875,2665.110107421875,2654.610107421875,2661.840087890625,19496
2023-06-21 18:30:00+00:00,2644.72998046875,2660.0849609375,2644.669921875,2657.5,18097
2023-06-21 19:30:00+00:00,2643.81005859375,2646.570068359375,2635.699951171875,2643.070068359375,37445
2023-06-22 13:30:00+00:00,2678.5,2678.93994140625,2641.0,2642.27001953125,53126
2023-06-22 14:30:00+00:00,2663.909912109375,2682.179931640625,2662.4951171875,2679.199951171875,23728
2023-06-22 15:30:00+00:00,2658.0,2672.080078125,2655.324951171875,2666.840087890625,16530
2023-06-22 16:30:00+00:00,2662.570068359375,2665.340087890625,2656.679931640625,2665.0,13634
2023-06-22 17:30:00+00:00,2670.510009765625,2673.780029296875,2664.6298828125,2664.85009765625,18762
2023-06-22 18:30:00+00:00,2666.77099609375,2681.969970703125,2666.77099609375,2673.679931640625,20460
2023-06-22 19:30:00+00:00,2677.89990234375,2677.89990234375,2665.10009765625,2666.2900390625,35545
2023-06-23 13:30:00+00:00,2626.93994140625,2653.094970703125,2619.989990234375,2638.050048828125,53401
2023-06-23 14:30:00+00:00,2633.780029296875,2633.780029296875,2622.4599609375,2632.864990234375,19929
2023-06-23 15:30:00+00:00,2652.217529296875,2655.465087890625,2632.590087890625,2632.590087890625,17577
2023-06-23 16:30:00+00:00,2654.31005859375,2658.10009765625,2649.219970703125,2657.989990234375,13864
2023-06-23 17:30:00+00:00,2643.679931640625,2651.909912109375,2643.679931640625,2651.909912109375,15525
2023-06-23 18:30:00+00:00,2621.860107421875,2642.35009765625,2619.239990234375,2641.840087890625,38790
2023-06-23 19:30:00+00:00,2623.070068359375,2629.1201171875,2619.469970703125,2622.010009765625,47937
2023-06-26 13:30:00+00:00,2641.429931640625,2650.989990234375,2605.0,2613.97998046875,43459
2023-06-26 14:30:00+00:00,2640.780029296875,2651.570068359375,2638.169921875,2642.550048828125,19765
2023-06-26 15:30:00+00:00,2629.074951171875,2640.8798828125,2626.2900390625,2640.8798828125,18499
2023-06-26 16:30:00+00:00,2639.52001953125,2639.52001953125,2621.8701171875,2626.0400390625,21306
2023-06-26 17:30:00+00:00,2629.27001953125,2637.6298828125,2626.570068359375,2637.280029296875,16199
2023-06-26 18:30:00+00:00,2639.360107421875,2643.175048828125,2634.219970703125,2634.780029296875,18892
2023-06-26 19:30:00+00:00,2615.989990234375,2642.3701171875,2613.969970703125,2641.97998046875,47469
2023-06-27 13:30:00+00:00,2672.969970703125,2684.0,2647.5400390625,2647.5400390625,50911
2023-06-27 14:30:00+00:00,2696.93017578125,2699.679931640625,2672.3701171875,2672.93994140625,31040
2023-06-27 15:30:00+00:00,2712.1298828125,2719.409912109375,2692.764892578125,2698.31005859375,65143
2023-06-27 16:30:00+00:00,2705.2900390625,2722.885009765625,2704.2451171875,2714.969970703125,40117
2023-06-27 17:30:00+00:00,2712.114990234375,2715.6298828125,2704.820068359375,2705.719970703125,32204
2023-06-27 18:30:00+00:00,2714.820068359375,2716.610107421875,2708.294921875,2709.72998046875,26842
2023-06-27 19:30:00+00:00,2699.659912109375,2716.0,2695.179931640625,2714.31494140625,78430
2023-06-28 13:30:00+00:00,2710.6298828125,2714.18994140625,2690.60498046875,2697.989990234375,40510
2023-06-28 14:30:00+00:00,2694.87109375,2722.679931640625,2694.87109375,2712.300048828125,26218
2023-06-28 15:30:00+00:00,2692.4599609375,2706.360107421875,2691.949951171875,2695.56005859375,18538
2023-06-28 16:30:00+00:00,2685.6298828125,2693.159912109375,2679.64990234375,2693.159912109375,13316
2023-06-28 17:30:00+00:00,2684.780029296875,2684.780029296875,2678.239990234375,2684.489990234375,15872
2023-06-28 18:30:00+00:00,2675.2099609375,2688.85009765625,2675.10009765625,2684.3701171875,24605
2023-06-28 19:30:00+00:00,2664.889892578125,2676.510009765625,2663.050048828125,2674.85009765625,54326
2023-06-29 13:30:00+00:00,2642.56005859375,2675.909912109375,2636.389892578125,2671.419921875,60739
2023-06-29 14:30:00+00:00,2650.139892578125,2650.18994140625,2633.0,2635.39990234375,26482
2023-06-29 15:30:00+00:00,2651.260009765625,2653.110107421875,2645.8916015625,2650.719970703125,16960
2023-06-29 16:30:00+00:00,2662.340087890625,2664.030029296875,2649.969970703125,2652.68994140625,16041
2023-06-29 17:30:00+00:00,2664.580078125,2664.580078125,2650.68994140625,2661.989990234375,14359
2023-06-29 18:30:00+00:00,2665.610107421875,2668.3701171875,2654.550048828125,2666.89501953125,17605
2023-06-29 19:30:00+00:00,2655.90087890625,2670.090087890625,2653.139892578125,2667.159912109375,35242
2023-06-30 13:30:00+00:00,2701.0,2713.114990234375,2676.909912109375,2685.6201171875,51554
2023-06-30 14:30:00+00:00,2706.56005859375,2709.030029296875,2692.010009765625,2701.35498046875,29240
2023-06-30 15:30:00+00:00,2715.800048828125,2717.860107421875,2697.909912109375,2703.0,19990
2023-06-30 16:30:00+00:00,2700.360107421875,2717.3798828125,2698.219970703125,2714.43994140625,18511
2023-06-30 17:30:00+00:00,2704.14990234375,2705.7099609375,2698.64990234375,2701.266845703125,19559
2023-06-30 18:30:00+00:00,2716.590087890625,2720.0,2702.64990234375,2706.080078125,26811
2023-06-30 19:30:00+00:00,2700.919921875,2719.14501953125,2698.60009765625,2712.739990234375,69264
2023-07-03 13:30:00+00:00,2720.6201171875,2722.97998046875,2683.320068359375,2693.699951171875,43992
2023-07-03 14:30:00+00:00,2732.8173828125,2733.389892578125,2710.550048828125,2720.0,37845
2023-07-03 15:30:00+00:00,2740.780029296875,2741.9609375,2725.150390625,2733.44140625,33425
2023-07-05 13:30:00+00:00,2691.4599609375,2723.1298828125,2672.139892578125,2715.389892578125,63351
2023-07-05 14:30:00+00:00,2690.639892578125,2700.0,2682.169921875,2693.760009765625,30738
2023-07-05 15:30:00+00:00,2674.5400390625,2689.64990234375,2667.679931640625,2689.64990234375,31612
2023-07-05 16:30:00+00:00,2678.739990234375,2679.97998046875,2672.554931640625,2676.43994140625,17412
2023-07-05 17:30:00+00:00,2683.3798828125,2684.2451171875,2673.010009765625,2677.820068359375,19787
2023-07-05 18:30:00+00:00,2676.8701171875,2682.5,2676.22998046875,2679.159912109375,24091
2023-07-05 19:30:00+00:00,2673.530029296875,2677.597412109375,2668.169921875,2677.597412109375,47147
2023-07-06 13:30:00+00:00,2627.389892578125,2656.655029296875,2624.4951171875,2651.179931640625,54562
2023-07-06 14:30:00+00:00,2633.219970703125,2639.25,2625.320068359375,2633.8701171875,21436
2023-07-06 15:30:00+00:00,2656.169921875,2657.360107421875,2635.6201171875,2638.195068359375,23081
2023-07-06 16:30:00+00:00,2657.965087890625,2660.0,2651.18994140625,2657.125,16123
2023-07-06 17:30:00+00:00,2650.070068359375,2658.9599609375,2643.840087890625,2657.25,21651
2023-07-06 18:30:00+00:00,2634.034912109375,2651.860107421875,2634.034912109375,2648.43994140625,38411
2023-07-06 19:30:00+00:00,2632.25,2637.094970703125,2627.929931640625,2637.094970703125,85424
2023-07-07 13:30:00+00:00,2642.27001953125,2655.81005859375,2628.0,2628.0,59549
2023-07-07 14:30:00+00:00,2651.449951171875,2651.449951171875,2635.760009765625,2639.330078125,17929
2023-07-07 15:30:00+00:00,2650.969970703125,2656.6650390625,2649.800048828125,2651.22509765625,21329
2023-07-07 16:30:00+00:00,2654.550048828125,2661.840087890625,2647.470703125,2650.8701171875,23651
2023-07-07 17:30:00+00:00,2657.6298828125,2660.39990234375,2654.3798828125,2656.27001953125,16681
2023-07-07 18:30:00+00:00,2648.89990234375,2656.030029296875,2648.89990234375,2656.030029296875,19491
2023-07-07 19:30:00+00:00,2634.739990234375,2650.64990234375,2632.02001953125,2650.300048828125,48192
2023-07-10 13:30:00+00:00,2723.02490234375,2733.47998046875,2637.0,2637.0,121051
2023-07-10 14:30:00+00:00,2706.820068359375,2726.6298828125,2706.699951171875,2724.0,38093
2023-07-10 15:30:00+00:00,2703.5,2710.679931640625,2694.60498046875,2708.840087890625,68531
2023-07-10 16:30:00+00:00,2708.139892578125,2708.139892578125,2697.294921875,2702.909912109375,21495
2023-07-10 17:30:00+00:00,2705.760009765625,2710.219970703125,2699.830078125,2707.14990234375,28287
2023-07-10 18:30:00+00:00,2718.445068359375,2718.445068359375,2702.260009765625,2706.320068359375,31155
2023-07-10 19:30:00+00:00,2728.81005859375,2728.840087890625,2715.580078125,2717.010009765625,54261
2023-07-11 13:30:00+00:00,2758.955078125,2761.320068359375,2733.614990234375,2739.919921875,70027
2023-07-11 14:30:00+00:00,2768.14990234375,2770.25,2746.090087890625,2757.68994140625,34380
2023-07-11 15:30:00+00:00,2771.47998046875,2775.6298828125,2760.0,2767.489990234375,31422
2023-07-11 16:30:00+00:00,2774.260009765625,2781.280029296875,2770.139892578125,2771.47998046875,17753
2023-07-11 17:30:00+00:00,2766.179931640625,2779.320068359375,2761.889892578125,2775.8798828125,24639
2023-07-11 18:30:00+00:00,2780.074951171875,2782.5048828125,2765.3701171875,2767.5400390625,26819
2023-07-11 19:30:00+00:00,2785.330078125,2789.179931640625,2776.47021484375,2778.68994140625,45634
2023-07-12 13:30:00+00:00,2815.739990234375,2818.989990234375,2797.0810546875,2804.199951171875,67243
2023-07-12 14:30:00+00:00,2809.344970703125,2821.4599609375,2801.0,2819.419921875,48917
2023-07-12 15:30:00+00:00,2787.784912109375,2809.0400390625,2781.110107421875,2807.840087890625,25602
2023-07-12 16:30:00+00:00,2802.070068359375,2804.360107421875,2787.8701171875,2787.8701171875,18008
2023-07-12 17:30:00+00:00,2798.14501953125,2804.840087890625,2792.199951171875,2801.800048828125,21079
2023-07-12 18:30:00+00:00,2796.530029296875,2799.919921875,2787.909912109375,2797.300048828125,29730
2023-07-12 19:30:00+00:00,2788.35009765625,2799.284912109375,2783.639892578125,2796.9599609375,38463
2023-07-13 13:30:00+00:00,2832.590087890625,2853.01611328125,2823.949951171875,2825.0,64788
2023-07-13 14:30:00+00:00,2847.030029296875,2852.590087890625,2834.8740234375,2836.080078125,33263
2023-07-13 15:30:00+00:00,2835.0400390625,2850.80859375,2834.030029296875,2846.39990234375,19116
2023-07-13 16:30:00+00:00,2843.0,2849.580078125,2836.014892578125,2837.340087890625,28112
2023-07-13 17:30:00+00:00,2842.780029296875,2844.945068359375,2833.014892578125,2841.06005859375,18569
2023-07-13 18:30:00+00:00,2849.31005859375,2851.7900390625,2841.830078125,2841.830078125,25142
2023-07-13 19:30:00+00:00,2832.929931640625,2852.010009765625,2830.715087890625,2848.56005859375,60538
2023-07-14 13:30:00+00:00,2844.580078125,2855.330078125,2828.054931640625,2844.7900390625,50527
2023-07-14 14:30:00+00:00,2851.830078125,2852.6201171875,2834.27001953125,2843.4599609375,24741
2023-07-14 15:30:00+00:00,2849.679931640625,2854.090087890625,2841.47998046875,2852.010009765625,20114
2023-07-14 16:30:00+00:00,2849.510009765625,2854.0400390625,2846.949951171875,2849.679931640625,15473
2023-07-14 17:30:00+00:00,2853.7900390625,2857.75,2850.0,2850.780029296875,18399
2023-07-14 18:30:00+00:00,2859.22998046875,2864.31005859375,2851.324951171875,2852.85009765625,24900
2023-07-14 19:30:00+00:00,2867.760009765625,2867.760009765625,2859.239990234375,2860.889892578125,42857
2023-07-17 13:30:00+00:00,2915.0,2915.6298828125,2857.22998046875,2857.22998046875,51683
2023-07-17 14:30:00+00:00,2937.7099609375,2939.3798828125,2917.8701171875,2918.60009765625,33371
2023-07-17 15:30:00+00:00,2921.949951171875,2940.280029296875,2919.02001953125,2938.39990234375,27653
2023-07-17 16:30:00+00:00,2924.330078125,2926.510009765625,2915.590087890625,2920.18994140625,15602
2023-07-17 17:30:00+00:00,2939.780029296875,2939.969970703125,2924.800048828125,2924.969970703125,18256
2023-07-17 18:30:00+00:00,2951.679931640625,2953.22998046875,2940.739990234375,2941.72998046875,29311
2023-07-17 19:30:00+00:00,2950.260009765625,2954.989990234375,2946.824951171875,2951.75,45684
2023-07-18 13:30:00+00:00,2926.0,2953.14990234375,2920.0,2936.6201171875,63661
2023-07-18 14:30:00+00:00,2944.179931640625,2951.0,2921.18994140625,2923.1201171875,32985
2023-07-18 15:30:00+00:00,2947.360107421875,2953.304931640625,2943.25,2943.25,28895
2023-07-18 16:30:00+00:00,2958.110107421875,2958.110107421875,2945.0400390625,2950.989990234375,22427
2023-07-18 17:30:00+00:00,2968.10009765625,2968.10009765625,2956.179931640625,2959.52001953125,22741
2023-07-18 18:30:00+00:00,2973.25,2978.7099609375,2961.02490234375,2967.699951171875,35831
2023-07-18 19:30:00+00:00,2981.610107421875,2984.570068359375,2970.030029296875,2973.919921875,64307
2023-07-19 13:30:00+00:00,2949.0,2998.0,2939.925048828125,2980.4599609375,61106
2023-07-19 14:30:00+00:00,2947.81494140625,2953.5,2940.284912109375,2947.929931640625,35400
2023-07-19 15:30:00+00:00,2944.610107421875,2952.300048828125,2943.3798828125,2944.93994140625,27313
2023-07-19 16:30:00+00:00,2951.18994140625,2951.18994140625,2942.159912109375,2946.300048828125,17279
2023-07-19 17:30:00+00:00,2939.159912109375,2951.8701171875,2935.31005859375,2949.7099609375,22593
2023-07-19 18:30:00+00:00,2941.6650390625,2948.284912109375,2939.590087890625,2943.530029296875,28363
2023-07-19 19:30:00+00:00,2928.050048828125,2942.18994140625,2926.77001953125,2941.594970703125,59150
2023-07-20 13:30:00+00:00,2940.68505859375,2948.1826171875,2917.4599609375,2920.199951171875,52891
2023-07-20 14:30:00+00:00,2942.239990234375,2947.090087890625,2932.159912109375,2936.14990234375,38745
2023-07-20 15:30:00+00:00,2958.360107421875,2961.8701171875,2948.0,2948.0,20964
2023-07-20 16:30:00+00:00,2965.06005859375,2972.8701171875,2958.864990234375,2958.864990234375,15719
2023-07-20 17:30:00+00:00,2948.679931640625,2963.8798828125,2945.389892578125,2963.8798828125,21675
2023-07-20 18:30:00+00:00,2922.2900390625,2949.429931640625,2916.139892578125,2947.929931640625,31694
2023-07-20 19:30:00+00:00,2917.489990234375,2927.239990234375,2916.14501953125,2923.77001953125,41550
2023-07-21 13:30:00+00:00,2965.0,2973.0,2935.4951171875,2939.110107421875,55221
2023-07-21 14:30:00+00:00,2967.760009765625,2969.260009765625,2958.419921875,2963.199951171875,32409
2023-07-21 15:30:00+00:00,2965.0,2972.090087890625,2963.02001953125,2968.3798828125,21394
2023-07-21 16:30:00+00:00,2965.6201171875,2968.469970703125,2960.419921875,2965.0,25436
2023-07-21 17:30:00+00:00,2929.419921875,2966.8798828125,2923.75,2965.860107421875,44318
2023-07-21 18:30:00+00:00,2930.169921875,2932.360107421875,2924.260009765625,2929.830078125,34588
2023-07-21 19:30:00+00:00,2925.6298828125,2947.1298828125,2923.1298828125,2932.219970703125,69229
2023-07-24 13:30:00+00:00,2915.93994140625,2919.679931640625,2878.3291015625,2906.3798828125,48065
2023-07-24 14:30:00+00:00,2893.469970703125,2911.85009765625,2893.469970703125,2911.85009765625,23760
2023-07-24 15:30:00+00:00,2889.510009765625,2897.610107421875,2889.39990234375,2895.1298828125,26783
2023-07-24 16:30:00+00:00,2880.60009765625,2891.199951171875,2877.989990234375,2891.02001953125,25396
2023-07-24 17:30:00+00:00,2871.39990234375,2882.929931640625,2871.389892578125,2882.080078125,30512
2023-07-24 18:30:00+00:00,2889.7099609375,2894.110107421875,2871.010009765625,2871.9599609375,31263
2023-07-24 19:30:00+00:00,2893.840087890625,2897.179931640625,2890.0,2890.0,41275
2023-07-25 13:30:00+00:00,2907.78125,2913.820068359375,2885.510009765625,2885.510009765625,45753
2023-07-25 14:30:00+00:00,2906.929931640625,2914.760009765625,2900.699951171875,2900.780029296875,29793
2023-07-25 15:30:00+00:00,2932.0400390625,2934.0,2907.219970703125,2911.4599609375,23458
2023-07-25 16:30:00+00:00,2954.735107421875,2957.9150390625,2931.669921875,2931.710205078125,22915
2023-07-25 17:30:00+00:00,2950.919921875,2954.780029296875,2940.830078125,2954.780029296875,21195
2023-07-25 18:30:00+00:00,2949.610107421875,2960.6201171875,2945.760009765625,2952.93994140625,29916
2023-07-25 19:30:00+00:00,2942.4599609375,2957.7548828125,2941.2099609375,2953.780029296875,43857
2023-07-26 13:30:00+00:00,2934.385009765625,2950.360107421875,2923.284912109375,2942.429931640625,31665
2023-07-26 14:30:00+00:00,2932.39990234375,2938.590087890625,2926.93505859375,2930.419921875,21549
2023-07-26 15:30:00+00:00,2940.25,2940.25,2928.7900390625,2928.7900390625,12061
2023-07-26 16:30:00+00:00,2943.739990234375,2945.679931640625,2937.679931640625,2939.199951171875,10102
2023-07-26 17:30:00+00:00,2954.18994140625,2954.18994140625,2935.389892578125,2946.050048828125,15867
2023-07-26 18:30:00+00:00,2955.139892578125,2966.2099609375,2944.264892578125,2952.3701171875,21260
2023-07-26 19:30:00+00:00,2958.14990234375,2962.64990234375,2945.969970703125,2955.260009765625,29805
2023-07-27 13:30:00+00:00,2970.68994140625,2983.97998046875,2966.199951171875,2974.419921875,47541
2023-07-27 14:30:00+00:00,2976.8701171875,2982.280029296875,2970.0,2971.695068359375,22839
2023-07-27 15:30:00+00:00,2986.639892578125,2992.364990234375,2975.489990234375,2980.35009765625,28971
2023-07-27 16:30:00+00:00,2971.72998046875,2990.0,2970.0,2988.340087890625,17003
2023-07-27 17:30:00+00:00,2972.260009765625,2976.110107421875,2968.764892578125,2971.679931640625,24143
2023-07-27 18:30:00+00:00,2970.794921875,2973.510009765625,2954.330078125,2970.965087890625,25453
2023-07-27 19:30:00+00:00,2954.389892578125,2969.64990234375,2952.18505859375,2969.64990234375,34986
2023-07-28 13:30:00+00:00,2987.10009765625,3003.9990234375,2981.25390625,2988.010009765625,27033
2023-07-28 14:30:00+00:00,2998.830078125,3000.909912109375,2991.570068359375,2992.1201171875,17947
2023-07-28 15:30:00+00:00,3005.43994140625,3007.330078125,2994.6201171875,2995.43505859375,13965
2023-07-28 16:30:00+00:00,3006.014892578125,3008.955078125,3003.0,3007.860107421875,9767
2023-07-28 17:30:00+00:00,3001.85009765625,3006.27001953125,2996.179931640625,3002.090087890625,10847
2023-07-28 18:30:00+00:00,2999.6650390625,3004.510009765625,2995.0,3000.7099609375,20966
2023-07-28 19:30:00+00:00,3012.25,3016.22998046875,2999.4599609375,2999.889892578125,55488
2023-07-31 13:30:00+00:00,3006.989990234375,3011.3798828125,2979.780029296875,3000.0,42748
2023-07-31 14:30:00+00:00,3006.669921875,3017.610107421875,3001.60009765625,3001.60009765625,26102
2023-07-31 15:30:00+00:00,2998.5048828125,3008.719970703125,2998.2099609375,3002.7900390625,19613
2023-07-31 16:30:00+00:00,2996.56005859375,3003.33984375,2995.0,2999.0,20495
2023-07-31 17:30:00+00:00,2981.139892578125,3003.6201171875,2970.5048828125,2999.590087890625,42144
2023-07-31 18:30:00+00:00,2983.340087890625,2988.35009765625,2977.5400390625,2981.14501953125,80141
2023-07-31 19:30:00+00:00,2969.56005859375,2984.215087890625,2965.43994140625,2982.110107421875,68248
2023-08-01 13:30:00+00:00,2939.300048828125,2951.219970703125,2922.31005859375,2942.199951171875,65007
2023-08-01 14:30:00+00:00,2928.60009765625,2942.679931640625,2919.89990234375,2939.7099609375,38625
2023-08-01 15:30:00+00:00,2927.93994140625,2930.300048828125,2914.110107421875,2926.320068359375,30824
2023-08-01 16:30:00+00:00,2930.93994140625,2932.1298828125,2923.6201171875,2926.090087890625,20132
2023-08-01 17:30:00+00:00,2927.31005859375,2931.840087890625,2926.010009765625,2930.77490234375,26804
2023-08-01 18:30:00+00:00,2939.4951171875,2939.719970703125,2927.195068359375,2928.4599609375,29259
2023-08-01 19:30:00+00:00,2914.280029296875,2939.6650390625,2913.8701171875,2939.610107421875,63058
2023-08-02 13:30:00+00:00,2897.06005859375,2910.06005859375,2879.5,2890.0,57721
2023-08-02 14:30:00+00:00,2888.02001953125,2902.35009765625,2875.0,2896.22509765625,33140
2023-08-02 15:30:00+00:00,2876.64990234375,2894.43994140625,2870.0,2886.510009765625,27688
2023-08-02 16:30:00+00:00,2900.070068359375,2900.070068359375,2878.260009765625,2880.0,16684
2023-08-02 17:30:00+00:00,2893.6298828125,2901.699951171875,2889.10009765625,2896.14990234375,17689
2023-08-02 18:30:00+00:00,2885.169921875,2901.10009765625,2884.93994140625,2895.489990234375,26299
2023-08-02 19:30:00+00:00,2884.199951171875,2896.385009765625,2884.199951171875,2885.35009765625,60506
2023-08-03 13:30:00+00:00,2814.949951171875,2850.0,2794.360107421875,2807.0,116087
2023-08-03 14:30:00+00:00,2814.85009765625,2819.320068359375,2795.010009765625,2811.949951171875,79824
2023-08-03 15:30:00+00:00,2808.89990234375,2827.56005859375,2808.0,2817.050048828125,53920
2023-08-03 16:30:00+00:00,2821.794921875,2826.77001953125,2803.97998046875,2805.659912109375,60576
2023-08-03 17:30:00+00:00,2814.489990234375,2827.3701171875,2811.239990234375,2821.794921875,44554
2023-08-03 18:30:00+00:00,2838.114990234375,2839.179931640625,2813.72998046875,2815.574951171875,75137
2023-08-03 19:30:00+00:00,2838.239990234375,2847.580078125,2835.0,2840.080078125,116668
2023-08-04 13:30:00+00:00,3085.1298828125,3155.294921875,2950.010009765625,3151.320068359375,356175
2023-08-04 14:30:00+00:00,3117.030029296875,3125.0,3081.43994140625,3092.340087890625,134673
2023-08-04 15:30:00+00:00,3106.0,3129.0,3103.6298828125,3115.655029296875,120957
2023-08-04 16:30:00+00:00,3099.739990234375,3110.0400390625,3090.77490234375,3101.72509765625,51011
2023-08-04 17:30:00+00:00,3071.449951171875,3109.844970703125,3070.47998046875,3100.18994140625,62128
2023-08-04 18:30:00+00:00,3055.0,3079.570068359375,3054.679931640625,3070.485107421875,58628
2023-08-04 19:30:00+00:00,3063.89990234375,3063.89990234375,3045.389892578125,3054.135009765625,103121
2023-08-07 13:30:00+00:00,3142.679931640625,3156.18994140625,3079.5,3084.550048828125,93189
2023-08-07 14:30:00+00:00,3136.205078125,3151.0,3118.47998046875,3146.760009765625,59558
2023-08-07 15:30:00+00:00,3185.7099609375,3191.47998046875,3138.324951171875,3138.324951171875,51170
2023-08-07 16:30:00+00:00,3215.199951171875,3219.89990234375,3180.43994140625,3184.469970703125,55319
2023-08-07 17:30:00+00:00,3217.22998046875,3238.06005859375,3210.919921875,3215.02001953125,50902
2023-08-07 18:30:00+00:00,3229.97998046875,3234.89501953125,3218.0,3218.0,55299
2023-08-07 19:30:00+00:00,3245.590087890625,3246.7900390625,3228.610107421875,3228.610107421875,98682
2023-08-08 13:30:00+00:00,3178.625,3214.0,3178.22412109375,3192.590087890625,73831
2023-08-08 14:30:00+00:00,3197.35009765625,3197.35009765625,3170.3798828125,3177.989990234375,41027
2023-08-08 15:30:00+00:00,3204.889892578125,3205.0,3182.960205078125,3198.409912109375,23702
2023-08-08 16:30:00+00:00,3224.2451171875,3228.340087890625,3209.260009765625,3211.445068359375,26799
2023-08-08 17:30:00+00:00,3226.830078125,3232.655029296875,3220.030029296875,3224.7099609375,22132
2023-08-08 18:30:00+00:00,3234.719970703125,3235.985107421875,3223.419189453125,3229.780029296875,23775
2023-08-08 19:30:00+00:00,3225.97998046875,3239.905029296875,3220.489990234375,3233.68994140625,63798
2023-08-09 13:30:00+00:00,3234.909912109375,3251.469970703125,3217.889892578125,3251.469970703125,51926
2023-08-09 14:30:00+00:00,3206.2099609375,3234.7998046875,3205.0,3233.570068359375,34636
2023-08-09 15:30:00+00:00,3197.699951171875,3207.3349609375,3188.594970703125,3206.3701171875,34364
2023-08-09 16:30:00+00:00,3215.860107421875,3219.610107421875,3198.56005859375,3199.5,16815
2023-08-09 17:30:00+00:00,3226.179931640625,3227.1201171875,3209.419921875,3213.050048828125,25000
2023-08-09 18:30:00+00:00,3214.179931640625,3226.324951171875,3213.39990234375,3226.324951171875,25832
2023-08-09 19:30:00+00:00,3205.719970703125,3219.715087890625,3203.35498046875,3214.580078125,51902
2023-08-10 13:30:00+00:00,3231.2099609375,3248.760009765625,3215.0,3215.0,69101
2023-08-10 14:30:00+00:00,3241.090087890625,3244.989990234375,3227.929931640625,3231.2099609375,39634
2023-08-10 15:30:00+00:00,3227.89990234375,3251.70947265625,3224.534912109375,3240.485107421875,22021
2023-08-10 16:30:00+00:00,3213.389892578125,3241.179931640625,3206.340087890625,3227.385009765625,26964
2023-08-10 17:30:00+00:00,3213.47998046875,3218.7099609375,3204.989990234375,3215.080078125,16778
2023-08-10 18:30:00+00:00,3226.010009765625,3232.679931640625,3217.860107421875,3217.860107421875,16244
2023-08-10 19:30:00+00:00,3226.18994140625,3227.804931640625,3216.419921875,3222.760009765625,38178
2023-08-11 13:30:00+00:00,3187.800048828125,3198.3798828125,3175.050048828125,3198.3798828125,49360
2023-08-11 14:30:00+00:00,3175.179931640625,3187.0,3170.030029296875,3185.7900390625,28703
2023-08-11 15:30:00+00:00,3170.68994140625,3180.179931640625,3167.72998046875,3178.93994140625,17264
2023-08-11 16:30:00+00:00,3191.034912109375,3191.625,3170.7451171875,3170.7451171875,23007
2023-08-11 17:30:00+00:00,3208.169921875,3211.320068359375,3189.239990234375,3191.14990234375,16216
2023-08-11 18:30:00+00:00,3214.469970703125,3216.195068359375,3206.52001953125,3206.52001953125,14549
2023-08-11 19:30:00+00:00,3208.919921875,3217.469970703125,3200.6298828125,3216.35009765625,37797
2023-08-14 13:30:00+00:00,3220.659912109375,3221.0,3180.489990234375,3200.0,33106
2023-08-14 14:30:00+00:00,3222.22998046875,3226.955078125,3207.89990234375,3218.1298828125,18391
2023-08-14 15:30:00+00:00,3214.760009765625,3228.6650390625,3207.580078125,3223.0,21134
2023-08-14 16:30:00+00:00,3233.64990234375,3235.3701171875,3216.590087890625,3216.60009765625,10898
2023-08-14 17:30:00+00:00,3234.02001953125,3236.795654296875,3229.0849609375,3230.610107421875,9686
2023-08-14 18:30:00+00:00,3228.570068359375,3230.110107421875,3217.8701171875,3230.110107421875,14423
2023-08-14 19:30:00+00:00,3236.909912109375,3236.93994140625,3225.010009765625,3226.8701171875,30462
2023-08-15 13:30:00+00:00,3208.389892578125,3228.85009765625,3203.0,3224.510009765625,25346
2023-08-15 14:30:00+00:00,3212.139892578125,3215.39990234375,3202.784912109375,3204.81005859375,16785
2023-08-15 15:30:00+00:00,3201.469970703125,3212.139892578125,3198.280029296875,3211.97998046875,17054
2023-08-15 16:30:00+00:00,3200.56005859375,3204.7099609375,3195.570068359375,3198.9599609375,12770
2023-08-15 17:30:00+00:00,3211.110107421875,3211.110107421875,3195.054931640625,3199.97998046875,15028
2023-08-15 18:30:00+00:00,3207.02001953125,3212.360107421875,3204.719970703125,3209.139892578125,17435
2023-08-15 19:30:00+00:00,3201.340087890625,3209.489990234375,3198.02001953125,3208.739990234375,37820
2023-08-16 13:30:00+00:00,3210.52001953125,3217.010009765625,3181.429931640625,3183.2900390625,20484
2023-08-16 14:30:00+00:00,3208.22998046875,3217.010009765625,3203.010009765625,3213.510009765625,13698
2023-08-16 15:30:00+00:00,3199.6298828125,3208.5400390625,3197.840087890625,3207.830078125,14262
2023-08-16 16:30:00+00:00,3198.155029296875,3206.219970703125,3196.31005859375,3206.219970703125,7487
2023-08-16 17:30:00+00:00,3222.85009765625,3222.85009765625,3203.0,3203.0,14093
2023-08-16 18:30:00+00:00,3206.199951171875,3226.619873046875,3201.929931640625,3223.969970703125,24372
2023-08-16 19:30:00+00:00,3197.75,3207.27001953125,3195.2099609375,3207.27001953125,31651
2023-08-17 13:30:00+00:00,3154.304931640625,3207.5400390625,3151.327880859375,3203.199951171875,62972
2023-08-17 14:30:00+00:00,3153.64501953125,3165.079833984375,3150.010009765625,3155.52490234375,33508
2023-08-17 15:30:00+00:00,3151.169921875,3154.989990234375,3137.010009765625,3150.0,20419
2023-08-17 16:30:00+00:00,3143.610107421875,3157.260009765625,3142.0,3157.260009765625,15702
2023-08-17 17:30:00+00:00,3141.72509765625,3144.239990234375,3131.655029296875,3143.47998046875,26202
2023-08-17 18:30:00+00:00,3119.580078125,3137.219970703125,3108.25,3135.0,35025
2023-08-17 19:30:00+00:00,3111.699951171875,3119.570068359375,3107.93994140625,3118.340087890625,54379
2023-08-18 13:30:00+00:00,3042.8798828125,3082.780029296875,3036.22998046875,3058.840087890625,87785
2023-08-18 14:30:00+00:00,3044.47998046875,3056.659912109375,3041.010009765625,3046.139892578125,45987
2023-08-18 15:30:00+00:00,3055.159912109375,3056.344970703125,3034.580078125,3043.2099609375,55204
2023-08-18 16:30:00+00:00,3051.219970703125,3064.199951171875,3044.735107421875,3051.3125,30979
2023-08-18 17:30:00+00:00,3053.0,3057.419921875,3044.1298828125,3048.669921875,35548
2023-08-18 18:30:00+00:00,3056.77001953125,3063.094970703125,3049.27490234375,3050.264892578125,44415
2023-08-18 19:30:00+00:00,3058.429931640625,3061.22998046875,3049.280029296875,3056.580078125,95742
2023-08-21 13:30:00+00:00,3050.945068359375,3074.31005859375,3048.64990234375,3067.070068359375,35993
2023-08-21 14:30:00+00:00,3028.669921875,3056.300048828125,3019.27001953125,3050.6298828125,36786
2023-08-21 15:30:00+00:00,3042.72998046875,3045.419921875,3019.489990234375,3031.47998046875,22974
2023-08-21 16:30:00+00:00,3043.47998046875,3045.1298828125,3037.02001953125,3043.7900390625,21613
2023-08-21 17:30:00+00:00,3053.89990234375,3054.550048828125,3039.889892578125,3046.4150390625,15359
2023-08-21 18:30:00+00:00,3048.794921875,3053.52001953125,3045.989990234375,3050.780029296875,19321
2023-08-21 19:30:00+00:00,3052.510009765625,3058.22998046875,3045.550048828125,3047.169921875,51130
2023-08-22 13:30:00+00:00,3075.469970703125,3077.18505859375,3053.030029296875,3056.590087890625,33562
2023-08-22 14:30:00+00:00,3074.31005859375,3084.0400390625,3059.97509765625,3074.419921875,19891
2023-08-22 15:30:00+00:00,3070.909912109375,3079.010009765625,3068.030029296875,3078.139892578125,13534
2023-08-22 16:30:00+00:00,3077.570068359375,3083.81005859375,3072.739990234375,3072.739990234375,11067
2023-08-22 17:30:00+00:00,3081.22998046875,3083.25,3074.489990234375,3074.5,12291
2023-08-22 18:30:00+00:00,3082.469970703125,3086.340087890625,3079.699951171875,3082.4599609375,13649
2023-08-22 19:30:00+00:00,3075.43994140625,3082.889892578125,3070.389892578125,3081.5,29428
2023-08-23 13:30:00+00:00,3100.510009765625,3106.27001953125,3065.77001953125,3065.77001953125,25346
2023-08-23 14:30:00+00:00,3111.199951171875,3115.699951171875,3095.905029296875,3097.389892578125,16986
2023-08-23 15:30:00+00:00,3115.909912109375,3118.969970703125,3108.7099609375,3112.9599609375,12390
2023-08-23 16:30:00+00:00,3127.93994140625,3129.139892578125,3114.169921875,3116.419921875,17201
2023-08-23 17:30:00+00:00,3120.409912109375,3130.659912109375,3119.72998046875,3130.320068359375,9977
2023-08-23 18:30:00+00:00,3110.159912109375,3121.320068359375,3110.159912109375,3121.320068359375,14573
2023-08-23 19:30:00+00:00,3098.739990234375,3112.3798828125,3093.135009765625,3110.31005859375,34911
2023-08-24 13:30:00+00:00,3094.610107421875,3109.97998046875,3086.93994140625,3086.93994140625,25451
2023-08-24 14:30:00+00:00,3074.360107421875,3090.7099609375,3073.919921875,3090.1650390625,15376
2023-08-24 15:30:00+00:00,3071.199951171875,3076.449951171875,3066.239990234375,3076.449951171875,8850
2023-08-24 16:30:00+00:00,3067.010009765625,3086.195068359375,3064.830078125,3072.489990234375,22241
2023-08-24 17:30:00+00:00,3067.64501953125,3076.070068359375,3066.31494140625,3068.2451171875,8551
2023-08-24 18:30:00+00:00,3048.669921875,3067.510009765625,3048.43994140625,3067.510009765625,38112
2023-08-24 19:30:00+00:00,3026.3798828125,3048.10009765625,3021.25,3048.10009765625,66418
2023-08-25 13:30:00+00:00,3035.31005859375,3048.919921875,3012.72998046875,3026.389892578125,47867
2023-08-25 14:30:00+00:00,3022.659912109375,3032.639892578125,3008.050048828125,3029.780029296875,19271
2023-08-25 15:30:00+00:00,3025.699951171875,3033.050048828125,3011.110107421875,3022.4599609375,18074
2023-08-25 16:30:00+00:00,3020.93994140625,3031.639892578125,3020.281494140625,3027.10009765625,11056
2023-08-25 17:30:00+00:00,3038.5400390625,3041.31005859375,3013.800048828125,3013.800048828125,11387
2023-08-25 18:30:00+00:00,3051.139892578125,3052.169921875,3035.590087890625,3036.0,15900
2023-08-25 19:30:00+00:00,3044.429931640625,3051.85009765625,3041.320068359375,3049.5,26973
2023-08-28 13:30:00+00:00,3068.824951171875,3068.824951171875,3059.169921875,3066.409912109375,26896
2023-08-28 14:30:00+00:00,3063.429931640625,3073.090087890625,3057.10498046875,3072.93994140625,9769
2023-08-28 15:30:00+00:00,3059.35498046875,3066.824951171875,3057.179931640625,3063.550048828125,12213
2023-08-28 16:30:00+00:00,3078.43994140625,3084.06005859375,3063.409912109375,3063.409912109375,16800
2023-08-28 17:30:00+00:00,3059.93994140625,3077.514892578125,3059.239990234375,3077.514892578125,13067
2023-08-28 18:30:00+00:00,3065.10009765625,3066.489990234375,3060.010009765625,3061.39990234375,17667
2023-08-28 19:30:00+00:00,3069.610107421875,3071.7099609375,3062.205078125,3067.070068359375,24068
2023-08-29 13:30:00+00:00,3094.56005859375,3094.56005859375,3060.0,3060.75,26054
2023-08-29 14:30:00+00:00,3097.0,3102.0,3095.72998046875,3097.389892578125,22036
2023-08-29 15:30:00+00:00,3115.93994140625,3119.739990234375,3102.10009765625,3102.10009765625,15592
2023-08-29 16:30:00+00:00,3103.449951171875,3114.949951171875,3096.02001953125,3114.949951171875,11878
2023-08-29 17:30:00+00:00,3097.7548828125,3106.054931640625,3095.550048828125,3101.840087890625,15446
2023-08-29 18:30:00+00:00,3117.199951171875,3117.199951171875,3102.090087890625,3102.090087890625,16954
2023-08-29 19:30:00+00:00,3114.205078125,3118.489990234375,3111.6201171875,3114.820068359375,12162
2023-08-30 13:30:00+00:00,3116.469970703125,3148.97998046875,3098.280029296875,3098.280029296875,31479
2023-08-30 14:30:00+00:00,3128.659912109375,3130.889892578125,3115.0,3115.425048828125,24188
2023-08-30 15:30:00+00:00,3128.669921875,3129.869873046875,3124.47998046875,3128.18505859375,13485
2023-08-30 16:30:00+00:00,3126.449951171875,3136.97509765625,3126.449951171875,3134.93505859375,13680
2023-08-30 17:30:00+00:00,3120.81005859375,3126.429931640625,3116.6298828125,3123.409912109375,15995
2023-08-30 18:30:00+00:00,3127.820068359375,3128.0,3120.6298828125,3120.6298828125,18014
2023-08-30 19:30:00+00:00,3130.580078125,3135.5400390625,3126.75,3126.864990234375,24116
2023-08-31 13:30:00+00:00,3126.5400390625,3134.93994140625,3090.0,3124.719970703125,35195
2023-08-31 14:30:00+00:00,3121.364990234375,3129.159912109375,3120.0400390625,3129.159912109375,15077
2023-08-31 15:30:00+00:00,3121.780029296875,3134.419921875,3114.554931640625,3117.050048828125,10849
2023-08-31 16:30:00+00:00,3135.820068359375,3140.31005859375,3124.429931640625,3125.260009765625,9860
2023-08-31 17:30:00+00:00,3130.9599609375,3134.5400390625,3125.784912109375,3132.550048828125,10546
2023-08-31 18:30:00+00:00,3118.909912109375,3127.800048828125,3118.909912109375,3126.1298828125,13892
2023-08-31 19:30:00+00:00,3102.1298828125,3120.0,3100.080078125,3120.0,51253
2023-09-01 13:30:00+00:00,3113.780029296875,3135.469970703125,3096.159912109375,3135.469970703125,39619
2023-09-01 14:30:00+00:00,3104.1201171875,3111.780029296875,3097.4599609375,3111.544921875,17139
2023-09-01 15:30:00+00:00,3110.60009765625,3112.574951171875,3094.735107421875,3105.47998046875,13996
2023-09-01 16:30:00+00:00,3107.4599609375,3114.1298828125,3107.4599609375,3111.64990234375,10649
2023-09-01 17:30:00+00:00,3103.47998046875,3106.929931640625,3100.85009765625,3106.929931640625,10690
2023-09-01 18:30:00+00:00,3105.574951171875,3109.81982421875,3092.93994140625,3092.93994140625,17160
2023-09-01 19:30:00+00:00,3113.60009765625,3116.199951171875,3104.6201171875,3107.77001953125,39347
2023-09-05 13:30:00+00:00,3119.5048828125,3125.47998046875,3089.6298828125,3089.6298828125,45645
2023-09-05 14:30:00+00:00,3132.840087890625,3136.9951171875,3116.929931640625,3118.905029296875,25528
2023-09-05 15:30:00+00:00,3137.800048828125,3139.824951171875,3121.35009765625,3126.969970703125,16977
2023-09-05 16:30:00+00:00,3138.77490234375,3152.7099609375,3137.080078125,3141.97998046875,17857
2023-09-05 17:30:00+00:00,3152.179931640625,3154.64990234375,3138.35009765625,3138.35009765625,22490
2023-09-05 18:30:00+00:00,3151.469970703125,3151.804931640625,3144.655029296875,3148.610107421875,36255
2023-09-05 19:30:00+00:00,3145.219970703125,3160.639892578125,3143.8701171875,3152.43994140625,54344
2023-09-06 13:30:00+00:00,3139.179931640625,3158.580078125,3115.239990234375,3123.330078125,37085
2023-09-06 14:30:00+00:00,3125.830078125,3143.800048828125,3122.919921875,3138.989990234375,25626
2023-09-06 15:30:00+00:00,3128.919921875,3132.655029296875,3120.0693359375,3124.56005859375,26239
2023-09-06 16:30:00+00:00,3136.0,3136.179931640625,3121.0,3123.724365234375,16030
2023-09-06 17:30:00+00:00,3123.830078125,3136.110107421875,3123.830078125,3135.590087890625,11103
2023-09-06 18:30:00+00:00,3146.35009765625,3146.35009765625,3122.875,3122.875,22095
2023-09-06 19:30:00+00:00,3144.300048828125,3153.969970703125,3136.72998046875,3145.1201171875,40843
2023-09-07 13:30:00+00:00,3090.52490234375,3110.739990234375,3067.909912109375,3110.739990234375,68200
2023-09-07 14:30:00+00:00,3082.719970703125,3100.68994140625,3080.0,3085.0400390625,35562
2023-09-07 15:30:00+00:00,3110.31005859375,3115.68994140625,3084.8798828125,3084.8798828125,21402
2023-09-07 16:30:00+00:00,3115.909912109375,3119.169921875,3100.800048828125,3104.840087890625,13729
2023-09-07 17:30:00+00:00,3119.614990234375,3121.739990234375,3115.02001953125,3116.18994140625,12528
2023-09-07 18:30:00+00:00,3112.0,3121.320068359375,3106.3798828125,3111.14990234375,23727
2023-09-07 19:30:00+00:00,3103.360107421875,3115.580078125,3102.239990234375,3113.719970703125,31288
2023-09-08 13:30:00+00:00,3137.830078125,3137.830078125,3108.0,3115.0,33328
2023-09-08 14:30:00+00:00,3137.580078125,3145.3701171875,3132.260009765625,3139.0,25358
2023-09-08 15:30:00+00:00,3136.830078125,3144.780029296875,3136.830078125,3142.0,8659
2023-09-08 16:30:00+00:00,3138.929931640625,3138.929931640625,3128.280029296875,3133.219970703125,11967
2023-09-08 17:30:00+00:00,3135.570068359375,3141.530029296875,3133.219970703125,3133.219970703125,11013
2023-09-08 18:30:00+00:00,3140.719970703125,3140.72509765625,3133.02001953125,3135.0,11942
2023-09-08 19:30:00+00:00,3143.5,3147.93994140625,3139.387451171875,3141.0,32064
2023-09-11 13:30:00+00:00,3154.60009765625,3186.7900390625,3148.0,3151.889892578125,35670
2023-09-11 14:30:00+00:00,3161.85009765625,3161.85009765625,3144.77001953125,3151.0,13808
2023-09-11 15:30:00+00:00,3158.550048828125,3161.280029296875,3155.0,3158.68994140625,10359
2023-09-11 16:30:00+00:00,3170.0,3175.715087890625,3156.919921875,3158.7099609375,17390
2023-09-11 17:30:00+00:00,3175.72998046875,3179.659912109375,3171.85009765625,3171.85009765625,15901
2023-09-11 18:30:00+00:00,3176.985107421875,3180.070068359375,3170.39990234375,3175.18994140625,16348
2023-09-11 19:30:00+00:00,3183.929931640625,3184.77001953125,3176.06494140625,3176.469970703125,27818
2023-09-12 13:30:00+00:00,3183.280029296875,3194.81005859375,3150.760009765625,3164.18994140625,28493
2023-09-12 14:30:00+00:00,3179.72998046875,3186.60009765625,3170.1298828125,3182.0,17199
2023-09-12 15:30:00+00:00,3183.43505859375,3189.5400390625,3181.0,3181.449951171875,15640
2023-09-12 16:30:00+00:00,3201.949951171875,3201.949951171875,3185.010009765625,3185.010009765625,13257
2023-09-12 17:30:00+00:00,3180.139892578125,3201.623291015625,3177.60498046875,3199.389892578125,11353
2023-09-12 18:30:00+00:00,3167.139892578125,3178.47998046875,3165.389892578125,3176.389892578125,14834
2023-09-12 19:30:00+00:00,3175.489990234375,3177.4599609375,3167.030029296875,3167.590087890625,31833
2023-09-13 13:30:00+00:00,3130.489990234375,3173.800048828125,3130.18505859375,3167.219970703125,35092
2023-09-13 14:30:00+00:00,3136.8349609375,3144.110107421875,3125.0,3127.820068359375,33104
2023-09-13 15:30:00+00:00,3131.169921875,3136.969970703125,3122.02490234375,3136.969970703125,19332
2023-09-13 16:30:00+00:00,3141.340087890625,3142.669921875,3125.8701171875,3132.35009765625,15691
2023-09-13 17:30:00+00:00,3129.10009765625,3141.64990234375,3124.409912109375,3139.860107421875,19991
2023-09-13 18:30:00+00:00,3121.7099609375,3132.14990234375,3109.830078125,3128.590087890625,24472
2023-09-13 19:30:00+00:00,3115.639892578125,3125.330078125,3111.050048828125,3125.330078125,57146
2023-09-14 13:30:00+00:00,3144.639892578125,3168.739990234375,3126.7275390625,3168.739990234375,48333
2023-09-14 14:30:00+00:00,3192.3349609375,3196.85498046875,3146.1201171875,3146.1201171875,38423
2023-09-14 15:30:00+00:00,3209.929931640625,3212.659912109375,3179.5400390625,3192.340087890625,37496
2023-09-14 16:30:00+00:00,3220.449951171875,3222.0,3206.9873046875,3208.06005859375,27323
2023-09-14 17:30:00+00:00,3197.2900390625,3226.570068359375,3197.2900390625,3220.85498046875,27697
2023-09-14 18:30:00+00:00,3192.735107421875,3204.239990234375,3192.735107421875,3196.0,24335
2023-09-14 19:30:00+00:00,3199.77001953125,3200.360107421875,3186.294921875,3192.02001953125,41596
2023-09-15 13:30:00+00:00,3206.844970703125,3217.3798828125,3185.1298828125,3200.75,97031
2023-09-15 14:30:00+00:00,3179.574951171875,3216.929931640625,3179.574951171875,3205.10009765625,27961
2023-09-15 15:30:00+00:00,3184.159912109375,3185.93994140625,3175.760009765625,3179.570068359375,21133
2023-09-15 16:30:00+00:00,3167.320068359375,3188.489990234375,3166.179931640625,3180.550048828125,21787
2023-09-15 17:30:00+00:00,3163.760009765625,3170.169921875,3160.0,3166.610107421875,20180
2023-09-15 18:30:00+00:00,3158.860107421875,3164.510009765625,3153.639892578125,3162.949951171875,28081
2023-09-15 19:30:00+00:00,3160.429931640625,3163.864990234375,3144.27001953125,3160.47998046875,69525
2023-09-18 13:30:00+00:00,3192.110107421875,3203.179931640625,3145.06005859375,3154.0,34916
2023-09-18 14:30:00+00:00,3191.739990234375,3200.804931640625,3184.830078125,3191.6201171875,22050
2023-09-18 15:30:00+00:00,3172.530029296875,3200.0,3172.43994140625,3194.179931640625,20418
2023-09-18 16:30:00+00:00,3166.89990234375,3181.85009765625,3166.89990234375,3175.510009765625,19257
2023-09-18 17:30:00+00:00,3171.39501953125,3173.965087890625,3163.0,3167.175048828125,13197
2023-09-18 18:30:00+00:00,3155.169921875,3175.2548828125,3148.639892578125,3170.0,25299
2023-09-18 19:30:00+00:00,3158.330078125,3158.510009765625,3146.0400390625,3156.675048828125,41110
2023-09-19 13:30:00+00:00,3110.97509765625,3140.72998046875,3094.110107421875,3131.97998046875,53714
2023-09-19 14:30:00+00:00,3099.889892578125,3114.360107421875,3092.52001953125,3110.919921875,28805
2023-09-19 15:30:00+00:00,3108.0400390625,3115.97998046875,3103.02001953125,3104.8701171875,18805
2023-09-19 16:30:00+00:00,3109.929931640625,3112.5,3104.320068359375,3105.9150390625,17954
2023-09-19 17:30:00+00:00,3100.510009765625,3111.580078125,3094.7900390625,3111.580078125,54132
2023-09-19 18:30:00+00:00,3097.409912109375,3102.570068359375,3091.110107421875,3098.830078125,27181
2023-09-19 19:30:00+00:00,3108.6201171875,3113.77001953125,3100.9150390625,3100.9150390625,46705
2023-09-20 13:30:00+00:00,3118.699951171875,3134.909912109375,3110.02001953125,3134.909912109375,22476
2023-09-20 14:30:00+00:00,3111.179931640625,3125.679931640625,3111.179931640625,3125.679931640625,12897
2023-09-20 15:30:00+00:00,3114.77001953125,3114.77001953125,3105.800048828125,3111.60009765625,13436
2023-09-20 16:30:00+00:00,3113.340087890625,3114.804931640625,3109.199951171875,3114.3798828125,10762
2023-09-20 17:30:00+00:00,3100.52490234375,3112.485107421875,3095.669677734375,3111.469970703125,14185
2023-09-20 18:30:00+00:00,3085.330078125,3117.239990234375,3080.360107421875,3100.465087890625,27293
2023-09-20 19:30:00+00:00,3067.929931640625,3083.60009765625,3067.929931640625,3083.60009765625,35831
2023-09-21 13:30:00+00:00,3027.06005859375,3050.77490234375,3014.550048828125,3041.090087890625,38248
2023-09-21 14:30:00+00:00,3021.489990234375,3033.159912109375,3021.260009765625,3028.485107421875,25836
2023-09-21 15:30:00+00:00,3029.449951171875,3031.780029296875,3023.93994140625,3023.93994140625,22493
2023-09-21 16:30:00+00:00,3033.2099609375,3036.72509765625,3023.719970703125,3029.52001953125,26921
2023-09-21 17:30:00+00:00,3040.715087890625,3042.25,3033.110107421875,3033.110107421875,44316
2023-09-21 18:30:00+00:00,3029.2900390625,3041.4599609375,3029.2900390625,3040.955078125,15072
2023-09-21 19:30:00+00:00,3034.719970703125,3038.27001953125,3026.699951171875,3029.43994140625,44842
2023-09-22 13:30:00+00:00,3086.9599609375,3091.0,3036.8701171875,3045.0,47482
2023-09-22 14:30:00+00:00,3083.1201171875,3096.679931640625,3078.909912109375,3086.594970703125,29665
2023-09-22 15:30:00+00:00,3081.97509765625,3083.699951171875,3074.925048828125,3083.1201171875,18381
2023-09-22 16:30:00+00:00,3077.169921875,3091.590087890625,3077.169921875,3082.030029296875,14064
2023-09-22 17:30:00+00:00,3061.324951171875,3073.699951171875,3050.14990234375,3073.610107421875,17898
2023-09-22 18:30:00+00:00,3080.52001953125,3085.860107421875,3057.25,3057.43994140625,22530
2023-09-22 19:30:00+00:00,3063.885009765625,3081.22998046875,3062.179931640625,3078.919921875,41533
2023-09-25 13:30:00+00:00,3080.7099609375,3090.0,3015.0,3023.300048828125,35504
2023-09-25 14:30:00+00:00,3091.969970703125,3095.39990234375,3077.280029296875,3084.22509765625,13871
2023-09-25 15:30:00+00:00,3093.159912109375,3094.340087890625,3088.669921875,3088.669921875,9391
2023-09-25 16:30:00+00:00,3095.5400390625,3099.949951171875,3084.909912109375,3095.830078125,11789
2023-09-25 17:30:00+00:00,3097.985107421875,3101.449951171875,3093.02001953125,3093.655029296875,16377
2023-09-25 18:30:00+00:00,3089.18994140625,3104.47998046875,3086.669921875,3097.89990234375,15637
2023-09-25 19:30:00+00:00,3101.7900390625,3102.419921875,3089.669921875,3089.669921875,35928
2023-09-26 13:30:00+00:00,3056.169921875,3093.324951171875,3052.469970703125,3080.0,33782
2023-09-26 14:30:00+00:00,3051.5,3061.949951171875,3040.340087890625,3056.179931640625,27993
2023-09-26 15:30:00+00:00,3077.85009765625,3077.85009765625,3054.1650390625,3054.1650390625,19304
2023-09-26 16:30:00+00:00,3065.3701171875,3079.949951171875,3065.3701171875,3077.85009765625,15702
2023-09-26 17:30:00+00:00,3048.800048828125,3060.800048828125,3046.949951171875,3060.385009765625,15476
2023-09-26 18:30:00+00:00,3052.77001953125,3060.02001953125,3045.4599609375,3045.4599609375,18991
2023-09-26 19:30:00+00:00,3060.639892578125,3063.0,3049.77490234375,3053.830078125,35102
2023-09-27 13:30:00+00:00,3080.18994140625,3101.030029296875,3068.320068359375,3068.320068359375,32939
2023-09-27 14:30:00+00:00,3088.81005859375,3088.81005859375,3068.800048828125,3077.530029296875,20410
2023-09-27 15:30:00+00:00,3082.5,3092.739990234375,3082.5,3090.429931640625,15057
2023-09-27 16:30:00+00:00,3067.590087890625,3087.090087890625,3066.090087890625,3087.090087890625,13802
2023-09-27 17:30:00+00:00,3053.3701171875,3070.0849609375,3050.35009765625,3070.0849609375,16728
2023-09-27 18:30:00+00:00,3079.389892578125,3082.18994140625,3060.030029296875,3060.030029296875,18408
2023-09-27 19:30:00+00:00,3085.3701171875,3085.3701171875,3071.175048828125,3073.1201171875,30438
2023-09-28 13:30:00+00:00,3076.1298828125,3107.1298828125,3070.485107421875,3082.659912109375,44162
2023-09-28 14:30:00+00:00,3076.820068359375,3086.0,3061.679931640625,3067.824951171875,22906
2023-09-28 15:30:00+00:00,3093.485107421875,3096.205078125,3081.514892578125,3082.669921875,31005
2023-09-28 16:30:00+00:00,3092.010009765625,3095.010009765625,3078.949951171875,3093.080078125,21633
2023-09-28 17:30:00+00:00,3093.4150390625,3093.68505859375,3076.39501953125,3091.989990234375,30438
2023-09-28 18:30:00+00:00,3114.56005859375,3117.179931640625,3091.945068359375,3100.0,20468
2023-09-28 19:30:00+00:00,3105.0,3114.169921875,3101.014892578125,3114.169921875,30211
2023-09-29 13:30:00+00:00,3120.0,3136.949951171875,3105.635009765625,3121.35009765625,29629
2023-09-29 14:30:00+00:00,3098.919921875,3123.905029296875,3098.919921875,3123.905029296875,18962
2023-09-29 15:30:00+00:00,3110.9990234375,3110.9990234375,3091.614990234375,3097.610107421875,16065
2023-09-29 16:30:00+00:00,3079.5400390625,3111.155029296875,3078.510009765625,3111.155029296875,11507
2023-09-29 17:30:00+00:00,3079.965087890625,3080.75,3067.804931640625,3079.419921875,11633
2023-09-29 18:30:00+00:00,3088.489990234375,3098.0,3072.93994140625,3076.43994140625,15107
2023-09-29 19:30:00+00:00,3087.06005859375,3100.195068359375,3073.159912109375,3088.094970703125,55884
2023-10-02 13:30:00+00:00,3083.110107421875,3100.0,3066.8701171875,3072.22509765625,29823
2023-10-02 14:30:00+00:00,3107.06005859375,3112.530029296875,3080.1298828125,3081.320068359375,16595
2023-10-02 15:30:00+00:00,3081.440185546875,3106.93505859375,3077.93994140625,3106.93505859375,21228
2023-10-02 16:30:00+00:00,3092.889892578125,3093.81005859375,3082.800048828125,3083.81005859375,9866
2023-10-02 17:30:00+00:00,3080.405029296875,3095.5,3076.7900390625,3095.169921875,12945
2023-10-02 18:30:00+00:00,3083.139892578125,3084.72998046875,3075.175048828125,3082.89990234375,10637
2023-10-02 19:30:00+00:00,3093.77001953125,3095.93994140625,3084.320068359375,3084.320068359375,31472
2023-10-03 13:30:00+00:00,3040.639892578125,3087.419921875,3031.409912109375,3055.0,41953
2023-10-03 14:30:00+00:00,3010.39501953125,3040.89990234375,3009.715087890625,3034.989990234375,31355
2023-10-03 15:30:00+00:00,3032.10009765625,3032.10009765625,3001.389892578125,3010.110107421875,23844
2023-10-03 16:30:00+00:00,3022.800048828125,3042.9599609375,3022.800048828125,3038.60009765625,12389
2023-10-03 17:30:00+00:00,3011.804931640625,3019.89990234375,3005.590087890625,3017.159912109375,14903
2023-10-03 18:30:00+00:00,3002.0,3012.360107421875,2996.949951171875,3011.77001953125,27047
2023-10-03 19:30:00+00:00,3009.409912109375,3014.989990234375,2997.574951171875,3000.804931640625,36224
2023-10-04 13:30:00+00:00,3037.735107421875,3059.35009765625,3011.52001953125,3014.739990234375,34090
2023-10-04 14:30:00+00:00,3045.784912109375,3051.429931640625,3028.0,3037.10009765625,25610
2023-10-04 15:30:00+00:00,3041.60009765625,3044.449951171875,3032.0,3042.6298828125,17044
2023-10-04 16:30:00+00:00,3036.455078125,3044.409912109375,3036.455078125,3040.1201171875,10860
2023-10-04 17:30:00+00:00,3034.179443359375,3048.300048828125,3034.179443359375,3036.2900390625,15053
2023-10-04 18:30:00+00:00,3041.47998046875,3048.155029296875,3034.89990234375,3042.14990234375,15245
2023-10-04 19:30:00+00:00,3046.780029296875,3049.35009765625,3039.659912109375,3039.659912109375,26427
2023-10-05 13:30:00+00:00,3006.0,3046.02001953125,2990.159912109375,3039.010009765625,44139
2023-10-05 14:30:00+00:00,2999.989990234375,3011.739990234375,2992.43994140625,3003.094970703125,22720
2023-10-05 15:30:00+00:00,3015.72998046875,3019.0,3000.77001953125,3000.77001953125,12314
2023-10-05 16:30:00+00:00,3009.2900390625,3014.6201171875,2999.969970703125,3014.6201171875,9948
2023-10-05 17:30:00+00:00,3011.155029296875,3020.47998046875,3006.239990234375,3006.239990234375,10888
2023-10-05 18:30:00+00:00,3018.169921875,3023.610107421875,3011.3525390625,3011.534912109375,11748
2023-10-05 19:30:00+00:00,3017.81005859375,3026.719970703125,3017.4951171875,3021.389892578125,21280
2023-10-06 13:30:00+00:00,3015.25,3021.280029296875,2997.489990234375,2997.489990234375,28060
2023-10-06 14:30:00+00:00,3014.840087890625,3022.590087890625,3002.0,3022.590087890625,34425
2023-10-06 15:30:00+00:00,3032.18505859375,3036.949951171875,3009.39990234375,3009.39990234375,26070
2023-10-06 16:30:00+00:00,3039.3798828125,3044.10009765625,3032.760009765625,3034.18994140625,11306
2023-10-06 17:30:00+00:00,3041.820068359375,3042.81005859375,3034.860107421875,3039.85009765625,13386
2023-10-06 18:30:00+00:00,3045.510009765625,3046.455078125,3037.7900390625,3041.3349609375,17091
2023-10-06 19:30:00+00:00,3049.929931640625,3054.56494140625,3041.0,3044.784912109375,42202
2023-10-09 13:30:00+00:00,2981.514892578125,3021.429931640625,2934.449951171875,3010.75,92296
2023-10-09 14:30:00+00:00,2984.47998046875,2985.215087890625,2957.1201171875,2980.7900390625,32539
2023-10-09 15:30:00+00:00,2997.340087890625,3000.52001953125,2981.39990234375,2988.669921875,23353
2023-10-09 16:30:00+00:00,3003.89990234375,3004.429931640625,2996.72998046875,2999.989990234375,14591
2023-10-09 17:30:00+00:00,3018.1298828125,3018.75,3006.60498046875,3007.489990234375,11695
2023-10-09 18:30:00+00:00,3007.39990234375,3020.320068359375,2996.87451171875,3018.760009765625,17879
2023-10-09 19:30:00+00:00,3007.889892578125,3012.030029296875,3001.409912109375,3012.030029296875,29304
2023-10-10 13:30:00+00:00,3064.85009765625,3066.909912109375,3015.110107421875,3019.510009765625,36127
2023-10-10 14:30:00+00:00,3077.409912109375,3077.409912109375,3054.06005859375,3068.260009765625,20895
2023-10-10 15:30:00+00:00,3078.046142578125,3083.9599609375,3075.159912109375,3078.679931640625,18248
2023-10-10 16:30:00+00:00,3048.179931640625,3077.3896484375,3048.179931640625,3076.8349609375,22135
2023-10-10 17:30:00+00:00,3046.820068359375,3059.840087890625,3045.610107421875,3052.64990234375,33617
2023-10-10 18:30:00+00:00,3051.89501953125,3055.4599609375,3045.179931640625,3052.860107421875,15805
2023-10-10 19:30:00+00:00,3060.760009765625,3062.429931640625,3050.93994140625,3053.679931640625,40144
2023-10-11 13:30:00+00:00,3083.760009765625,3094.989990234375,3070.239990234375,3083.0,25363
2023-10-11 14:30:00+00:00,3068.014892578125,3089.8701171875,3067.014892578125,3086.0,15045
2023-10-11 15:30:00+00:00,3051.89501953125,3065.989990234375,3051.89501953125,3063.409912109375,18146
2023-10-11 16:30:00+00:00,3048.784912109375,3059.669921875,3045.010009765625,3054.1298828125,11967
2023-10-11 17:30:00+00:00,3052.550048828125,3059.780029296875,3039.469970703125,3048.574951171875,16296
2023-10-11 18:30:00+00:00,3066.93994140625,3066.93994140625,3051.47998046875,3057.614990234375,12347
2023-10-11 19:30:00+00:00,3070.965087890625,3076.9951171875,3068.5400390625,3068.760009765625,21496
2023-10-12 13:30:00+00:00,3079.260009765625,3086.260009765625,3050.0400390625,3067.56005859375,31151
2023-10-12 14:30:00+00:00,3074.574951171875,3076.93994140625,3060.909912109375,3075.27490234375,16800
2023-10-12 15:30:00+00:00,3080.820068359375,3085.97998046875,3069.760009765625,3070.81005859375,14816
2023-10-12 16:30:00+00:00,3045.780029296875,3077.02001953125,3045.780029296875,3075.14990234375,14401
2023-10-12 17:30:00+00:00,3039.030029296875,3057.510009765625,3028.919921875,3047.68994140625,27322
2023-10-12 18:30:00+00:00,3053.56005859375,3054.9990234375,3040.919921875,3040.919921875,17682
2023-10-12 19:30:00+00:00,3050.969970703125,3057.340087890625,3044.409912109375,3053.919921875,28013
2023-10-13 13:30:00+00:00,3020.2900390625,3067.469970703125,3020.2900390625,3042.81005859375,31033
2023-10-13 14:30:00+00:00,2997.554931640625,3018.47998046875,2987.6298828125,3018.47998046875,25847
2023-10-13 15:30:00+00:00,2995.989990234375,3001.080078125,2985.0,2990.0,21144
2023-10-13 16:30:00+00:00,2973.64990234375,2996.860107421875,2973.570068359375,2996.860107421875,17847
2023-10-13 17:30:00+00:00,2965.429931640625,2974.8798828125,2964.18994140625,2970.0,25520
2023-10-13 18:30:00+00:00,2959.919921875,2969.844970703125,2958.110107421875,2965.080078125,29959
2023-10-13 19:30:00+00:00,2947.760009765625,2960.14990234375,2945.090087890625,2956.85009765625,78543
2023-10-16 13:30:00+00:00,2990.110107421875,2995.85009765625,2961.1650390625,2973.699951171875,49188
2023-10-16 14:30:00+00:00,2991.344970703125,3000.139892578125,2981.169921875,2997.14990234375,26366
2023-10-16 15:30:00+00:00,2974.014892578125,2991.360107421875,2972.27001953125,2991.360107421875,15936
2023-10-16 16:30:00+00:00,2965.570068359375,2982.93994140625,2965.570068359375,2978.169921875,16574
2023-10-16 17:30:00+00:00,2972.699951171875,2978.830078125,2970.0,2970.0,14133
2023-10-16 18:30:00+00:00,2971.860107421875,2973.77001953125,2965.280029296875,2971.830078125,30362
2023-10-16 19:30:00+00:00,2965.39990234375,2975.110107421875,2962.179931640625,2975.110107421875,43443
2023-10-17 13:30:00+00:00,2990.49658203125,2995.10009765625,2960.544921875,2973.85009765625,47122
2023-10-17 14:30:00+00:00,2991.7548828125,2997.989990234375,2986.840087890625,2990.969970703125,24338
2023-10-17 15:30:00+00:00,2990.300048828125,3001.419921875,2989.1201171875,2992.85009765625,23703
2023-10-17 16:30:00+00:00,2973.715087890625,2985.6298828125,2970.85009765625,2985.300048828125,14018
2023-10-17 17:30:00+00:00,2980.8798828125,2983.054931640625,2969.764892578125,2974.580078125,17647
2023-10-17 18:30:00+00:00,2978.52490234375,2982.7900390625,2971.050048828125,2978.919921875,17029
2023-10-17 19:30:00+00:00,2975.550048828125,2982.239990234375,2967.39990234375,2981.800048828125,32949
2023-10-18 13:30:00+00:00,2916.550048828125,2950.010009765625,2901.85009765625,2945.7900390625,94040
2023-10-18 14:30:00+00:00,2906.5830078125,2917.864990234375,2903.074951171875,2917.179931640625,35539
2023-10-18 15:30:00+00:00,2880.205078125,2906.679931640625,2880.205078125,2902.385009765625,52055
2023-10-18 16:30:00+00:00,2883.580078125,2898.2099609375,2873.68994140625,2878.989990234375,37537
2023-10-18 17:30:00+00:00,2877.054931640625,2888.52490234375,2870.52001953125,2884.8798828125,49337
2023-10-18 18:30:00+00:00,2853.764892578125,2879.56005859375,2853.764892578125,2879.56005859375,43569
2023-10-18 19:30:00+00:00,2848.469970703125,2857.320068359375,2841.969970703125,2855.31005859375,98139
2023-10-19 13:30:00+00:00,2816.965087890625,2837.409912109375,2802.52001953125,2836.93994140625,89572
2023-10-19 14:30:00+00:00,2813.06005859375,2816.070068359375,2795.830078125,2815.639892578125,75320
2023-10-19 15:30:00+00:00,2816.570068359375,2833.0,2806.760009765625,2813.219970703125,36634
2023-10-19 16:30:00+00:00,2825.18994140625,2833.955078125,2796.0,2812.969970703125,27621
2023-10-19 17:30:00+00:00,2804.679931640625,2825.695068359375,2802.580078125,2825.695068359375,27561
2023-10-19 18:30:00+00:00,2779.75,2801.705078125,2777.070068359375,2801.705078125,45109
2023-10-19 19:30:00+00:00,2785.070068359375,2788.590087890625,2769.375,2781.35009765625,89100
2023-10-20 13:30:00+00:00,2770.75,2793.139892578125,2757.594970703125,2779.800048828125,75708
2023-10-20 14:30:00+00:00,2752.080078125,2770.719970703125,2750.907470703125,2768.7099609375,32114
2023-10-20 15:30:00+00:00,2766.175048828125,2770.02490234375,2748.760009765625,2751.455078125,20076
2023-10-20 16:30:00+00:00,2776.02490234375,2781.0,2762.074951171875,2768.489990234375,25310
2023-10-20 17:30:00+00:00,2760.920654296875,2778.955078125,2759.389892578125,2776.260009765625,17156
2023-10-20 18:30:00+00:00,2750.820068359375,2761.3701171875,2748.8701171875,2757.965087890625,35677
2023-10-20 19:30:00+00:00,2756.60009765625,2759.374755859375,2747.0048828125,2751.330078125,53061
2023-10-23 13:30:00+00:00,2797.804931640625,2797.804931640625,2742.0,2753.760009765625,58555
2023-10-23 14:30:00+00:00,2817.72998046875,2820.52001953125,2793.85009765625,2799.68994140625,32470
2023-10-23 15:30:00+00:00,2822.699951171875,2825.919921875,2819.18994140625,2819.18994140625,29800
2023-10-23 16:30:00+00:00,2830.385009765625,2841.4599609375,2822.52001953125,2823.780029296875,22203
2023-10-23 17:30:00+00:00,2825.215087890625,2835.675048828125,2822.840087890625,2832.385009765625,18380
2023-10-23 18:30:00+00:00,2819.280029296875,2831.215087890625,2816.5400390625,2826.75,24463
2023-10-23 19:30:00+00:00,2818.97998046875,2819.5,2810.860107421875,2813.85009765625,44930
2023-10-24 13:30:00+00:00,2842.389892578125,2854.2548828125,2829.760009765625,2836.949951171875,33571
2023-10-24 14:30:00+00:00,2844.81005859375,2858.89990234375,2842.35009765625,2843.360107421875,22067
2023-10-24 15:30:00+00:00,2832.8701171875,2840.699951171875,2828.44921875,2840.5,22874
2023-10-24 16:30:00+00:00,2829.60009765625,2830.840087890625,2817.239990234375,2829.27001953125,14499
2023-10-24 17:30:00+00:00,2827.43994140625,2829.85009765625,2817.56494140625,2829.85009765625,20571
2023-10-24 18:30:00+00:00,2834.75,2836.02490234375,2828.969970703125,2829.39990234375,15749
2023-10-24 19:30:00+00:00,2835.3701171875,2838.034912109375,2828.1298828125,2833.324951171875,29050
2023-10-25 13:30:00+00:00,2835.02001953125,2835.22998046875,2808.72998046875,2822.6201171875,45863
2023-10-25 14:30:00+00:00,2845.909912109375,2851.52001953125,2834.965087890625,2835.39990234375,30566
2023-10-25 15:30:00+00:00,2835.219970703125,2846.159912109375,2830.530029296875,2846.159912109375,16929
2023-10-25 16:30:00+00:00,2826.260009765625,2837.389892578125,2816.919921875,2837.389892578125,20423
2023-10-25 17:30:00+00:00,2808.830078125,2823.885009765625,2806.8701171875,2823.885009765625,26021
2023-10-25 18:30:00+00:00,2822.841064453125,2824.27001953125,2812.280029296875,2812.4599609375,23050
2023-10-25 19:30:00+00:00,2812.81005859375,2826.01806640625,2809.25,2824.5048828125,38592
2023-10-26 13:30:00+00:00,2782.52001953125,2818.719970703125,2771.010009765625,2795.550048828125,52160
2023-10-26 14:30:00+00:00,2788.179931640625,2813.35009765625,2779.889892578125,2786.7900390625,27438
2023-10-26 15:30:00+00:00,2761.94140625,2794.360107421875,2754.81298828125,2790.85009765625,41572
2023-10-26 16:30:00+00:00,2760.340087890625,2770.179931640625,2749.925048828125,2765.465087890625,29883
2023-10-26 17:30:00+00:00,2766.56494140625,2773.760009765625,2757.47509765625,2757.47509765625,15283
2023-10-26 18:30:00+00:00,2745.320068359375,2770.030029296875,2744.889892578125,2764.39990234375,39008
2023-10-26 19:30:00+00:00,2742.669921875,2746.699951171875,2733.0400390625,2746.6298828125,44692
2023-10-27 13:30:00+00:00,2769.5400390625,2769.659912109375,2745.074951171875,2747.43994140625,44326
2023-10-27 14:30:00+00:00,2779.840087890625,2784.590087890625,2761.919921875,2767.544921875,20671
2023-10-27 15:30:00+00:00,2768.22509765625,2782.139892578125,2768.22509765625,2777.530029296875,15477
2023-10-27 16:30:00+00:00,2762.330078125,2770.75,2755.2099609375,2764.419921875,17728
2023-10-27 17:30:00+00:00,2749.64990234375,2759.389892578125,2747.1298828125,2756.27001953125,15399
2023-10-27 18:30:00+00:00,2745.320068359375,2755.419921875,2742.0400390625,2750.18994140625,30262
2023-10-27 19:30:00+00:00,2745.4599609375,2747.419921875,2737.260009765625,2744.550048828125,33675
2023-10-30 13:30:00+00:00,2783.78564453125,2812.909912109375,2775.0,2775.0,32692
2023-10-30 14:30:00+00:00,2789.590087890625,2789.590087890625,2777.070068359375,2782.840087890625,22913
2023-10-30 15:30:00+00:00,2773.580078125,2793.989990234375,2773.580078125,2788.344970703125,21233
2023-10-30 16:30:00+00:00,2781.530029296875,2781.530029296875,2766.64990234375,2779.47998046875,13366
2023-10-30 17:30:00+00:00,2789.0,2789.0,2775.679931640625,2782.02001953125,18400
2023-10-30 18:30:00+00:00,2797.1298828125,2801.5,2788.7900390625,2788.989990234375,24681
2023-10-30 19:30:00+00:00,2787.794921875,2800.330078125,2785.330078125,2798.419921875,37759
2023-10-31 13:30:00+00:00,2779.110107421875,2803.909912109375,2765.10009765625,2798.77001953125,28893
2023-10-31 14:30:00+00:00,2777.409912109375,2787.0,2766.68994140625,2778.050048828125,28768
2023-10-31 15:30:00+00:00,2775.81005859375,2776.18994140625,2765.02001953125,2771.465087890625,17835
2023-10-31 16:30:00+00:00,2784.110107421875,2786.054931640625,2773.179931640625,2779.030029296875,21947
2023-10-31 17:30:00+00:00,2789.909912109375,2796.72998046875,2782.56005859375,2784.7900390625,19543
2023-10-31 18:30:00+00:00,2788.52001953125,2798.64990234375,2788.52001953125,2790.10498046875,23601
2023-10-31 19:30:00+00:00,2789.550048828125,2791.550048828125,2786.050048828125,2787.60498046875,36289
2023-11-01 13:30:00+00:00,2796.31005859375,2813.1298828125,2779.239990234375,2803.0,40900
2023-11-01 14:30:00+00:00,2783.1201171875,2799.219970703125,2782.8798828125,2795.5400390625,21823
2023-11-01 15:30:00+00:00,2773.8349609375,2785.89990234375,2773.41748046875,2782.070068359375,17975
2023-11-01 16:30:00+00:00,2771.52490234375,2778.425048828125,2766.570068359375,2774.594970703125,17684
2023-11-01 17:30:00+00:00,2765.3701171875,2773.080078125,2762.989990234375,2769.094970703125,24465
2023-11-01 18:30:00+00:00,2764.22998046875,2776.800048828125,2756.125,2767.570068359375,49734
2023-11-01 19:30:00+00:00,2763.169921875,2772.929931640625,2760.77001953125,2767.320068359375,85744
2023-11-02 13:30:00+00:00,2797.639892578125,2823.60009765625,2756.389892578125,2807.010009765625,83231
2023-11-02 14:30:00+00:00,2829.800048828125,2834.47998046875,2793.2900390625,2800.989990234375,43296
2023-11-02 15:30:00+00:00,2824.85009765625,2843.75,2814.875,2830.659912109375,44965
2023-11-02 16:30:00+00:00,2817.840087890625,2828.5849609375,2815.889892578125,2827.739990234375,32556
2023-11-02 17:30:00+00:00,2823.6298828125,2827.989990234375,2817.179931640625,2820.489990234375,35341
2023-11-02 18:30:00+00:00,2833.39990234375,2838.6201171875,2821.75,2823.18994140625,57889
2023-11-02 19:30:00+00:00,2839.06005859375,2843.9599609375,2834.080078125,2834.445068359375,84752
2023-11-03 13:30:00+00:00,2802.340087890625,2849.489990234375,2762.43994140625,2780.0,183174
2023-11-03 14:30:00+00:00,2828.18505859375,2831.0400390625,2800.010009765625,2804.639892578125,65736
2023-11-03 15:30:00+00:00,2857.969970703125,2867.3642578125,2821.699951171875,2821.699951171875,61590
2023-11-03 16:30:00+00:00,2838.8701171875,2859.925048828125,2834.675048828125,2852.590087890625,47666
2023-11-03 17:30:00+00:00,2856.574951171875,2859.300048828125,2839.14990234375,2839.14990234375,42812
2023-11-03 18:30:00+00:00,2851.780029296875,2868.969970703125,2851.114990234375,2857.39990234375,46791
2023-11-03 19:30:00+00:00,2859.68994140625,2862.72998046875,2846.469970703125,2851.070068359375,68797
2023-11-06 14:30:00+00:00,2940.93505859375,2952.655029296875,2888.449951171875,2917.6201171875,121210
2023-11-06 15:30:00+00:00,2979.77001953125,2980.27001953125,2939.300048828125,2940.219970703125,54275
2023-11-06 16:30:00+00:00,2992.0048828125,3002.3798828125,2980.22998046875,2980.22998046875,49778
2023-11-06 17:30:00+00:00,2985.580078125,2998.679931640625,2982.655029296875,2996.0,34113
2023-11-06 18:30:00+00:00,2972.429931640625,2984.39990234375,2962.590087890625,2983.909912109375,37837
2023-11-06 19:30:00+00:00,2971.340087890625,2976.080078125,2967.68994140625,2972.830078125,34809
2023-11-06 20:30:00+00:00,2974.35009765625,2978.260009765625,2967.199951171875,2971.0,71693
2023-11-07 14:30:00+00:00,3000.010009765625,3003.705078125,2963.7548828125,2971.429931640625,52127
2023-11-07 15:30:00+00:00,3034.0400390625,3035.2099609375,2999.925048828125,3000.7099609375,38387
2023-11-07 16:30:00+00:00,3024.18994140625,3035.0,3017.830078125,3033.760009765625,31718
2023-11-07 17:30:00+00:00,3031.280029296875,3031.9599609375,3018.830078125,3018.85009765625,27386
2023-11-07 18:30:00+00:00,3025.10498046875,3031.27001953125,3017.320068359375,3031.27001953125,23974
2023-11-07 19:30:00+00:00,3017.179931640625,3025.2099609375,3010.0,3023.0380859375,28854
2023-11-07 20:30:00+00:00,3009.02001953125,3020.739990234375,3009.02001953125,3017.919921875,59930
2023-11-08 14:30:00+00:00,3029.010009765625,3040.719970703125,3016.669921875,3035.0,49516
2023-11-08 15:30:00+00:00,3020.1298828125,3036.795166015625,3014.139892578125,3036.719970703125,31538
2023-11-08 16:30:00+00:00,3007.47998046875,3024.27490234375,3003.8701171875,3019.75,21000
2023-11-08 17:30:00+00:00,3025.364990234375,3027.14501953125,3004.955078125,3004.965087890625,16058
2023-11-08 18:30:00+00:00,3025.93994140625,3035.56005859375,3023.445068359375,3023.8701171875,14840
2023-11-08 19:30:00+00:00,3015.85009765625,3021.7900390625,3009.655029296875,3021.7900390625,20949
2023-11-08 20:30:00+00:00,3020.300048828125,3020.360107421875,3007.830078125,3015.89990234375,42765
2023-11-09 14:30:00+00:00,3016.9599609375,3031.280029296875,3007.169921875,3031.280029296875,36830
2023-11-09 15:30:00+00:00,3018.3798828125,3025.22998046875,3010.030029296875,3016.22998046875,14592
2023-11-09 16:30:00+00:00,3022.550048828125,3033.330078125,3020.080078125,3024.419921875,25498
2023-11-09 17:30:00+00:00,3020.679931640625,3023.909912109375,3011.7900390625,3022.3701171875,14487
2023-11-09 18:30:00+00:00,3011.320068359375,3020.2099609375,3003.02099609375,3020.2099609375,12326
2023-11-09 19:30:00+00:00,3000.929931640625,3013.2099609375,2999.989990234375,3013.2099609375,15993
2023-11-09 20:30:00+00:00,3010.3798828125,3010.389892578125,2998.52001953125,3005.800048828125,37556
2023-11-10 14:30:00+00:00,3033.47998046875,3038.349853515625,3012.978759765625,3023.02001953125,25125
2023-11-10 15:30:00+00:00,3037.6201171875,3041.179931640625,3017.580078125,3033.68505859375,26559
2023-11-10 16:30:00+00:00,3054.340087890625,3057.090087890625,3037.030029296875,3037.97998046875,22458
2023-11-10 17:30:00+00:00,3065.949951171875,3068.7099609375,3053.0,3053.0,19763
2023-11-10 18:30:00+00:00,3063.9599609375,3072.52001953125,3060.760009765625,3065.409912109375,24158
2023-11-10 19:30:00+00:00,3075.610107421875,3075.610107421875,3061.0,3061.0,21083
2023-11-10 20:30:00+00:00,3074.169921875,3080.385009765625,3070.4150390625,3075.14990234375,35058
2023-11-13 14:30:00+00:00,3126.97998046875,3138.0,3076.544921875,3077.52001953125,70304
2023-11-13 15:30:00+00:00,3135.02001953125,3135.02001953125,3122.56005859375,3124.580078125,24406
2023-11-13 16:30:00+00:00,3141.010009765625,3146.300048828125,3133.18994140625,3136.3798828125,19949
2023-11-13 17:30:00+00:00,3120.820068359375,3141.125,3120.820068359375,3140.56494140625,19727
2023-11-13 18:30:00+00:00,3120.742431640625,3122.8701171875,3116.375,3122.8701171875,16227
2023-11-13 19:30:00+00:00,3118.6201171875,3128.5,3118.6201171875,3121.092529296875,18484
2023-11-13 20:30:00+00:00,3120.9599609375,3125.06494140625,3118.14990234375,3118.14990234375,35193
2023-11-14 14:30:00+00:00,3149.6298828125,3176.969970703125,3146.14501953125,3165.760009765625,67301
2023-11-14 15:30:00+00:00,3155.340087890625,3166.97998046875,3145.340087890625,3150.357421875,32361
2023-11-14 16:30:00+00:00,3162.320068359375,3168.955078125,3158.25,3159.77001953125,23632
2023-11-14 17:30:00+00:00,3174.716796875,3181.0,3164.89990234375,3164.89990234375,27592
2023-11-14 18:30:00+00:00,3165.669921875,3178.639892578125,3157.570068359375,3178.639892578125,30411
2023-11-14 19:30:00+00:00,3178.219970703125,3181.280029296875,3165.669921875,3165.669921875,27058
2023-11-14 20:30:00+00:00,3173.159912109375,3179.889892578125,3170.239990234375,3177.93994140625,49041
2023-11-15 14:30:00+00:00,3178.925048828125,3207.320068359375,3166.510009765625,3197.0,47320
2023-11-15 15:30:00+00:00,3154.18994140625,3184.155029296875,3151.31005859375,3173.679931640625,42311
2023-11-15 16:30:00+00:00,3140.3798828125,3157.2900390625,3140.1201171875,3156.219970703125,23894
2023-11-15 17:30:00+00:00,3130.64990234375,3138.449951171875,3125.610107421875,3138.31494140625,29477
2023-11-15 18:30:00+00:00,3129.27001953125,3137.4169921875,3122.389892578125,3133.886474609375,20647
2023-11-15 19:30:00+00:00,3130.889892578125,3134.280029296875,3122.2900390625,3130.22998046875,27242
2023-11-15 20:30:00+00:00,3118.659912109375,3133.1298828125,3117.2900390625,3133.1298828125,45897
2023-11-16 14:30:00+00:00,3149.02490234375,3160.7900390625,3102.239990234375,3114.179931640625,46449
2023-11-16 15:30:00+00:00,3127.64990234375,3152.304931640625,3127.64990234375,3152.094970703125,28898
2023-11-16 16:30:00+00:00,3147.72998046875,3148.780029296875,3126.25,3127.590087890625,29397
2023-11-16 17:30:00+00:00,3140.985107421875,3148.929931640625,3136.392578125,3148.419921875,19454
2023-11-16 18:30:00+00:00,3140.47998046875,3147.800048828125,3138.27490234375,3140.6201171875,19026
2023-11-16 19:30:00+00:00,3135.090087890625,3147.989990234375,3133.35009765625,3144.239990234375,21566
2023-11-16 20:30:00+00:00,3129.97998046875,3135.47509765625,3123.469970703125,3135.47509765625,38586
2023-11-17 14:30:00+00:00,3107.0,3154.949951171875,3103.389892578125,3154.949951171875,58976
2023-11-17 15:30:00+00:00,3120.0,3123.81005859375,3107.330078125,3112.60009765625,20526
2023-11-17 16:30:00+00:00,3133.85498046875,3135.169921875,3122.530029296875,3122.530029296875,17182
2023-11-17 17:30:00+00:00,3130.544921875,3138.81005859375,3130.544921875,3132.719970703125,13036
2023-11-17 18:30:00+00:00,3139.909912109375,3142.72998046875,3130.655029296875,3132.5400390625,12385
2023-11-17 19:30:00+00:00,3138.409912109375,3140.68994140625,3134.27001953125,3138.205078125,15427
2023-11-17 20:30:00+00:00,3133.85009765625,3138.1201171875,3130.6201171875,3136.93994140625,38471
2023-11-20 14:30:00+00:00,3145.5,3168.9599609375,3140.6298828125,3141.8798828125,31003
2023-11-20 15:30:00+00:00,3143.97998046875,3151.31005859375,3140.610107421875,3145.824951171875,28886
2023-11-20 16:30:00+00:00,3148.239990234375,3148.239990234375,3133.9599609375,3142.530029296875,16465
2023-11-20 17:30:00+00:00,3140.699951171875,3148.570068359375,3139.580078125,3147.544921875,19510
2023-11-20 18:30:00+00:00,3144.6201171875,3146.860107421875,3138.0,3138.010009765625,26258
2023-11-20 19:30:00+00:00,3157.77001953125,3158.1201171875,3146.125,3146.125,18976
2023-11-20 20:30:00+00:00,3158.39990234375,3158.39990234375,3150.52001953125,3157.77490234375,32463
2023-11-21 14:30:00+00:00,3154.179931640625,3171.0,3145.010009765625,3156.0,31967
2023-11-21 15:30:00+00:00,3155.159912109375,3165.8349609375,3147.35009765625,3154.794921875,21532
2023-11-21 16:30:00+00:00,3154.97998046875,3161.3701171875,3143.466552734375,3154.39990234375,14415
2023-11-21 17:30:00+00:00,3155.81005859375,3162.22509765625,3152.39990234375,3159.389892578125,11557
2023-11-21 18:30:00+00:00,3155.760009765625,3158.469970703125,3153.85009765625,3156.330078125,16276
2023-11-21 19:30:00+00:00,3147.1201171875,3152.68994140625,3145.669921875,3150.31005859375,18291
2023-11-21 20:30:00+00:00,3143.2099609375,3147.679931640625,3141.60498046875,3145.550048828125,38209
2023-11-22 14:30:00+00:00,3150.237548828125,3168.780029296875,3146.64990234375,3166.419921875,31037
2023-11-22 15:30:00+00:00,3147.52001953125,3151.05419921875,3139.1201171875,3149.989990234375,17009
2023-11-22 16:30:00+00:00,3147.389892578125,3152.47998046875,3146.43505859375,3148.590087890625,42404
2023-11-22 17:30:00+00:00,3147.9599609375,3150.965087890625,3146.840087890625,3146.840087890625,12775
2023-11-22 18:30:00+00:00,3146.794921875,3148.56494140625,3144.68994140625,3148.43994140625,6558
2023-11-22 19:30:00+00:00,3139.0849609375,3144.989990234375,3135.6298828125,3144.989990234375,13860
2023-11-22 20:30:00+00:00,3129.9599609375,3141.822509765625,3129.9599609375,3137.820068359375,39217
2023-11-24 14:30:00+00:00,3114.909912109375,3137.169921875,3114.679931640625,3137.169921875,31894
2023-11-24 15:30:00+00:00,3112.219970703125,3120.820068359375,3110.39990234375,3115.925048828125,28637
2023-11-24 16:30:00+00:00,3110.25,3116.110107421875,3106.75,3113.64990234375,16971
2023-11-27 14:30:00+00:00,3125.6298828125,3130.22998046875,3090.0,3099.010009765625,67397
2023-11-27 15:30:00+00:00,3139.205078125,3142.857666015625,3125.0,3126.4599609375,27602
2023-11-27 16:30:00+00:00,3134.330078125,3142.860107421875,3131.3798828125,3135.89990234375,15927
2023-11-27 17:30:00+00:00,3125.68994140625,3135.360107421875,3125.510009765625,3130.389892578125,16678
2023-11-27 18:30:00+00:00,3118.969970703125,3125.080078125,3114.760009765625,3124.169921875,19167
2023-11-27 19:30:00+00:00,3132.18994140625,3132.18994140625,3117.449951171875,3119.77001953125,19264
2023-11-27 20:30:00+00:00,3130.7890625,3134.35498046875,3123.510009765625,3132.6298828125,36194
2023-11-28 14:30:00+00:00,3120.554931640625,3147.830078125,3120.554931640625,3136.27001953125,41925
2023-11-28 15:30:00+00:00,3144.360107421875,3144.360107421875,3120.85009765625,3120.85009765625,19644
2023-11-28 16:30:00+00:00,3135.469970703125,3144.929931640625,3134.550048828125,3143.239990234375,13958
2023-11-28 17:30:00+00:00,3134.590087890625,3140.300048828125,3130.465087890625,3135.5,18262
2023-11-28 18:30:00+00:00,3134.89501953125,3138.139892578125,3132.840087890625,3132.840087890625,11023
2023-11-28 19:30:00+00:00,3127.1201171875,3133.340087890625,3124.3701171875,3131.6298828125,13255
2023-11-28 20:30:00+00:00,3142.840087890625,3142.840087890625,3127.570068359375,3127.570068359375,27227
2023-11-29 14:30:00+00:00,3120.445068359375,3174.0,3120.445068359375,3152.550048828125,33312
2023-11-29 15:30:00+00:00,3111.0,3127.389892578125,3104.06005859375,3123.43994140625,20356
2023-11-29 16:30:00+00:00,3132.0,3132.0,3111.260009765625,3116.2099609375,14382
2023-11-29 17:30:00+00:00,3132.169921875,3136.139892578125,3129.330078125,3133.0,13115
2023-11-29 18:30:00+00:00,3138.739990234375,3140.429931640625,3132.60009765625,3136.64990234375,12101
2023-11-29 19:30:00+00:00,3132.739990234375,3139.0400390625,3129.34130859375,3138.830078125,12404
2023-11-29 20:30:00+00:00,3126.8798828125,3135.77001953125,3120.7900390625,3130.699951171875,25996
2023-11-30 14:30:00+00:00,3098.739990234375,3128.39990234375,3079.4951171875,3128.39990234375,36502
2023-11-30 15:30:00+00:00,3097.949951171875,3108.39990234375,3083.79931640625,3108.39990234375,17601
2023-11-30 16:30:00+00:00,3109.93505859375,3110.764892578125,3094.97998046875,3095.8701171875,11585
2023-11-30 17:30:00+00:00,3098.469970703125,3110.39501953125,3096.85009765625,3109.199951171875,8944
2023-11-30 18:30:00+00:00,3104.7099609375,3104.7099609375,3096.52001953125,3100.719970703125,10835
2023-11-30 19:30:00+00:00,3102.820068359375,3109.739990234375,3102.070068359375,3107.080078125,20677
2023-11-30 20:30:00+00:00,3123.919921875,3125.949951171875,3103.419921875,3106.429931640625,33642
2023-12-01 14:30:00+00:00,3133.050048828125,3141.719970703125,3099.054931640625,3125.2900390625,35275
2023-12-01 15:30:00+00:00,3146.56005859375,3147.2099609375,3129.4150390625,3129.4150390625,20150
2023-12-01 16:30:00+00:00,3162.0,3164.389892578125,3142.31005859375,3146.080078125,23444
2023-12-01 17:30:00+00:00,3165.35009765625,3168.860107421875,3162.409912109375,3165.5400390625,15983
2023-12-01 18:30:00+00:00,3176.8701171875,3178.159912109375,3162.77490234375,3165.3798828125,26931
2023-12-01 19:30:00+00:00,3174.39990234375,3179.2900390625,3170.35009765625,3176.590087890625,22236
2023-12-01 20:30:00+00:00,3160.9599609375,3172.81005859375,3158.030029296875,3172.81005859375,33373
2023-12-04 14:30:00+00:00,3146.340087890625,3187.75,3145.9599609375,3147.429931640625,37602
2023-12-04 15:30:00+00:00,3146.330078125,3155.330078125,3141.31005859375,3146.159912109375,23906
2023-12-04 16:30:00+00:00,3151.949951171875,3152.679931640625,3140.0,3141.989990234375,20255
2023-12-04 17:30:00+00:00,3157.3798828125,3157.530029296875,3154.739990234375,3154.739990234375,10383
2023-12-04 18:30:00+00:00,3136.449951171875,3142.800048828125,3131.72998046875,3138.155029296875,15388
2023-12-04 19:30:00+00:00,3124.72998046875,3130.4599609375,3115.554931640625,3130.4599609375,19350
2023-12-04 20:30:00+00:00,3133.3701171875,3142.5,3124.280029296875,3124.280029296875,37392
2023-12-05 14:30:00+00:00,3142.73876953125,3149.277587890625,3104.47998046875,3104.47998046875,38737
2023-12-05 15:30:00+00:00,3139.39990234375,3160.0,3139.39990234375,3145.469970703125,31851
2023-12-05 16:30:00+00:00,3144.050048828125,3149.280029296875,3139.10009765625,3142.39990234375,12194
2023-12-05 17:30:00+00:00,3145.27001953125,3147.5400390625,3137.300048828125,3147.5400390625,12829
2023-12-05 18:30:00+00:00,3148.389892578125,3148.389892578125,3138.830078125,3142.6201171875,12365
2023-12-05 19:30:00+00:00,3148.389892578125,3148.389892578125,3141.860107421875,3145.0,14388
2023-12-05 20:30:00+00:00,3148.010009765625,3149.989990234375,3140.449951171875,3145.530029296875,29167
2023-12-06 14:30:00+00:00,3133.5,3188.81005859375,3127.389892578125,3180.27001953125,43585
2023-12-06 15:30:00+00:00,3145.77001953125,3152.25,3137.800048828125,3142.43505859375,14530
2023-12-06 16:30:00+00:00,3154.6298828125,3155.429931640625,3127.31005859375,3141.320068359375,15809
2023-12-06 17:30:00+00:00,3150.864990234375,3155.239990234375,3144.419921875,3154.889892578125,15936
2023-12-06 18:30:00+00:00,3159.070068359375,3162.840087890625,3150.455078125,3150.455078125,9875
2023-12-06 19:30:00+00:00,3147.205078125,3165.469970703125,3145.655029296875,3159.5,12639
2023-12-06 20:30:00+00:00,3150.639892578125,3151.409912109375,3141.93994140625,3146.679931640625,26470
2023-12-07 14:30:00+00:00,3222.675048828125,3222.675048828125,3177.155029296875,3178.219970703125,55514
2023-12-07 15:30:00+00:00,3218.179931640625,3231.97998046875,3214.35009765625,3223.0,33337
2023-12-07 16:30:00+00:00,3236.97998046875,3238.9599609375,3217.169921875,3217.989990234375,30946
2023-12-07 17:30:00+00:00,3225.97998046875,3239.0,3220.06494140625,3238.949951171875,19625
2023-12-07 18:30:00+00:00,3230.169921875,3230.169921875,3222.889892578125,3223.60009765625,16310
2023-12-07 19:30:00+00:00,3238.89501953125,3239.89990234375,3229.68994140625,3230.469970703125,23736
2023-12-07 20:30:00+00:00,3238.010009765625,3240.3349609375,3227.784912109375,3237.5048828125,40548
2023-12-08 14:30:00+00:00,3261.7451171875,3265.25,3220.9599609375,3220.9599609375,35616
2023-12-08 15:30:00+00:00,3271.679931640625,3274.5849609375,3255.22998046875,3263.530029296875,32257
2023-12-08 16:30:00+00:00,3273.429931640625,3275.304931640625,3266.8525390625,3272.2099609375,13681
2023-12-08 17:30:00+00:00,3269.219970703125,3276.919921875,3268.419921875,3276.919921875,13861
2023-12-08 18:30:00+00:00,3264.469970703125,3272.830078125,3259.835205078125,3272.830078125,18079
2023-12-08 19:30:00+00:00,3276.830078125,3276.89990234375,3263.56005859375,3263.97998046875,20775
2023-12-08 20:30:00+00:00,3275.64990234375,3277.425048828125,3272.6298828125,3274.830078125,40759
2023-12-11 14:30:00+00:00,3343.27001953125,3343.35498046875,3287.64990234375,3287.64990234375,67712
2023-12-11 15:30:00+00:00,3368.0048828125,3385.300048828125,3346.0,3346.0,67245
2023-12-11 16:30:00+00:00,3369.06005859375,3377.389892578125,3360.090087890625,3365.0,20452
2023-12-11 17:30:00+00:00,3355.909912109375,3368.949951171875,3353.47998046875,3366.280029296875,26514
2023-12-11 18:30:00+00:00,3350.476806640625,3354.06005859375,3342.0,3354.06005859375,45933
2023-12-11 19:30:00+00:00,3351.1298828125,3360.820068359375,3348.030029296875,3348.3798828125,22249
2023-12-11 20:30:00+00:00,3348.85009765625,3351.070068359375,3342.81005859375,3350.429931640625,47031
2023-12-12 14:30:00+00:00,3371.300048828125,3376.989990234375,3348.554931640625,3359.949951171875,56701
2023-12-12 15:30:00+00:00,3377.590087890625,3387.860107421875,3368.675048828125,3369.159912109375,29319
2023-12-12 16:30:00+00:00,3365.3798828125,3385.0,3365.235107421875,3377.0,24862
2023-12-12 17:30:00+00:00,3379.219970703125,3379.52001953125,3364.330078125,3370.77001953125,15802
2023-12-12 18:30:00+00:00,3387.330078125,3392.0,3378.574951171875,3379.510009765625,22642
2023-12-12 19:30:00+00:00,3403.989990234375,3403.989990234375,3390.409912109375,3393.5400390625,16968
2023-12-12 20:30:00+00:00,3402.47998046875,3404.889892578125,3395.2900390625,3404.889892578125,39661
2023-12-13 14:30:00+00:00,3402.3798828125,3417.199951171875,3380.1201171875,3414.25,48243
2023-12-13 15:30:00+00:00,3412.695068359375,3422.969970703125,3405.280029296875,3407.64990234375,32741
2023-12-13 16:30:00+00:00,3413.43994140625,3422.409912109375,3411.820068359375,3415.2294921875,18621
2023-12-13 17:30:00+00:00,3401.655029296875,3419.18994140625,3395.0,3419.18994140625,12407
2023-12-13 18:30:00+00:00,3419.3701171875,3419.449951171875,3392.85009765625,3401.51318359375,18138
2023-12-13 19:30:00+00:00,3417.735107421875,3433.39990234375,3415.883056640625,3415.883056640625,30817
2023-12-13 20:30:00+00:00,3425.469970703125,3431.324951171875,3419.64990234375,3422.47509765625,25012
2023-12-14 14:30:00+00:00,3455.830078125,3494.97998046875,3436.6201171875,3453.89990234375,71570
2023-12-14 15:30:00+00:00,3439.31005859375,3463.570068359375,3435.72509765625,3456.840087890625,33341
2023-12-14 16:30:00+00:00,3455.449951171875,3459.114990234375,3430.39990234375,3440.97998046875,22379
2023-12-14 17:30:00+00:00,3432.9599609375,3458.02685546875,3430.0,3458.02685546875,19473
2023-12-14 18:30:00+00:00,3435.840087890625,3437.0,3418.5,3435.14990234375,20589
2023-12-14 19:30:00+00:00,3451.300048828125,3451.885009765625,3435.929931640625,3435.929931640625,19269
2023-12-14 20:30:00+00:00,3442.56005859375,3446.300048828125,3436.06005859375,3446.300048828125,45065
2023-12-15 14:30:00+00:00,3449.22998046875,3460.3798828125,3441.889892578125,3441.889892578125,104095
2023-12-15 15:30:00+00:00,3490.77490234375,3490.77490234375,3448.0,3448.0,33109
2023-12-15 16:30:00+00:00,3466.330078125,3495.0,3466.330078125,3490.340087890625,26026
2023-12-15 17:30:00+00:00,3459.949951171875,3473.35986328125,3459.949951171875,3471.010009765625,15841
2023-12-15 18:30:00+00:00,3452.06005859375,3467.0,3447.739990234375,3465.02490234375,17333
2023-12-15 19:30:00+00:00,3443.320068359375,3454.169921875,3440.1201171875,3454.169921875,28602
2023-12-15 20:30:00+00:00,3478.39990234375,3478.969970703125,3435.2548828125,3441.820068359375,76146
2023-12-18 14:30:00+00:00,3476.18994140625,3490.0,3460.449951171875,3483.8798828125,29452
2023-12-18 15:30:00+00:00,3472.260009765625,3477.31005859375,3461.909912109375,3477.31005859375,21347
2023-12-18 16:30:00+00:00,3471.0,3472.050048828125,3462.3798828125,3469.47998046875,13489
2023-12-18 17:30:00+00:00,3469.489990234375,3475.469970703125,3464.9951171875,3472.6298828125,20880
2023-12-18 18:30:00+00:00,3465.324951171875,3470.780029296875,3462.93994140625,3469.0,9678
2023-12-18 19:30:00+00:00,3485.780029296875,3488.429931640625,3465.820068359375,3468.14990234375,18372
2023-12-18 20:30:00+00:00,3470.530029296875,3485.22998046875,3470.530029296875,3485.169921875,40021
2023-12-19 14:30:00+00:00,3501.8701171875,3514.14990234375,3478.929931640625,3487.550048828125,40290
2023-12-19 15:30:00+00:00,3501.364990234375,3515.570068359375,3492.330078125,3501.449951171875,44546
2023-12-19 16:30:00+00:00,3509.4599609375,3511.010009765625,3495.2900390625,3499.199951171875,14215
2023-12-19 17:30:00+00:00,3516.0,3516.0,3507.675048828125,3510.2451171875,19529
2023-12-19 18:30:00+00:00,3523.919921875,3529.389892578125,3519.0,3521.110107421875,13628
2023-12-19 19:30:00+00:00,3515.469970703125,3527.340087890625,3515.0400390625,3525.489990234375,14022
2023-12-19 20:30:00+00:00,3516.239990234375,3518.72998046875,3510.590087890625,3516.510009765625,23297
2023-12-20 14:30:00+00:00,3525.679931640625,3536.090087890625,3488.864990234375,3536.090087890625,62323
2023-12-20 15:30:00+00:00,3528.10009765625,3537.050048828125,3524.18994140625,3526.697509765625,34968
2023-12-20 16:30:00+00:00,3529.72998046875,3542.1298828125,3527.39501953125,3528.639892578125,21983
2023-12-20 17:30:00+00:00,3522.239990234375,3526.219970703125,3513.219970703125,3525.56005859375,17953
2023-12-20 18:30:00+00:00,3500.010009765625,3527.070068359375,3500.010009765625,3524.39990234375,28508
2023-12-20 19:30:00+00:00,3473.0,3508.56005859375,3463.780029296875,3503.235107421875,44981
2023-12-20 20:30:00+00:00,3469.3798828125,3485.3798828125,3468.0,3472.85009765625,47049
2023-12-21 14:30:00+00:00,3500.0,3515.969970703125,3481.969970703125,3481.969970703125,46065
2023-12-21 15:30:00+00:00,3513.340087890625,3514.669921875,3491.693115234375,3500.919921875,18195
2023-12-21 16:30:00+00:00,3494.9150390625,3516.14990234375,3490.260009765625,3515.31494140625,19161
2023-12-21 17:30:00+00:00,3503.18994140625,3507.360107421875,3490.47998046875,3496.705078125,17778
2023-12-21 18:30:00+00:00,3511.8701171875,3518.179931640625,3508.6201171875,3508.93994140625,15474
2023-12-21 19:30:00+00:00,3514.8798828125,3515.0,3506.27001953125,3513.739990234375,17629
2023-12-21 20:30:00+00:00,3519.530029296875,3524.1201171875,3516.81005859375,3516.81005859375,29002
2023-12-22 14:30:00+00:00,3544.56005859375,3548.0,3520.0,3520.0,49489
2023-12-22 15:30:00+00:00,3539.14990234375,3544.044921875,3531.6298828125,3543.050048828125,23108
2023-12-22 16:30:00+00:00,3551.1298828125,3553.3798828125,3539.739990234375,3539.739990234375,31485
2023-12-22 17:30:00+00:00,3559.419921875,3564.4599609375,3553.919921875,3554.31005859375,15281
2023-12-22 18:30:00+00:00,3542.5400390625,3558.389892578125,3538.110107421875,3557.9599609375,17503
2023-12-22 19:30:00+00:00,3546.659912109375,3552.10009765625,3532.070068359375,3537.610107421875,26718
2023-12-22 20:30:00+00:00,3535.10009765625,3546.02490234375,3532.669921875,3546.02490234375,39209
2023-12-26 14:30:00+00:00,3543.64990234375,3548.550048828125,3525.2900390625,3527.469970703125,24666
2023-12-26 15:30:00+00:00,3547.2548828125,3555.0,3542.0,3543.330078125,17259
2023-12-26 16:30:00+00:00,3554.52001953125,3555.824951171875,3552.39501953125,3552.7099609375,18309
2023-12-26 17:30:00+00:00,3561.469970703125,3570.2099609375,3553.739990234375,3553.739990234375,21684
2023-12-26 18:30:00+00:00,3559.010009765625,3569.22998046875,3553.590087890625,3564.179931640625,17796
2023-12-26 19:30:00+00:00,3574.31005859375,3574.31005859375,3561.679931640625,3562.080078125,26019
2023-12-26 20:30:00+00:00,3566.860107421875,3574.280029296875,3563.0400390625,3574.199951171875,26888
2023-12-27 14:30:00+00:00,3564.300048828125,3580.6201171875,3559.260009765625,3580.6201171875,17406
2023-12-27 15:30:00+00:00,3544.8740234375,3570.26953125,3542.449951171875,3570.26953125,18051
2023-12-27 16:30:00+00:00,3541.72998046875,3550.0400390625,3535.989990234375,3546.64990234375,15308
2023-12-27 17:30:00+00:00,3540.294921875,3546.530029296875,3531.27490234375,3545.85546875,13948
2023-12-27 18:30:00+00:00,3547.739990234375,3547.739990234375,3530.2900390625,3537.3798828125,12239
2023-12-27 19:30:00+00:00,3537.510009765625,3542.889892578125,3533.719970703125,3541.239990234375,13040
2023-12-27 20:30:00+00:00,3534.639892578125,3541.75,3529.199951171875,3537.6201171875,30978
2023-12-28 14:30:00+00:00,3549.0400390625,3556.080078125,3540.179931640625,3556.080078125,36717
2023-12-28 15:30:00+00:00,3549.340087890625,3553.347412109375,3541.219970703125,3549.7548828125,10836
2023-12-28 16:30:00+00:00,3548.81005859375,3550.320068359375,3545.27001953125,3548.570068359375,7392
2023-12-28 17:30:00+00:00,3555.5,3556.6298828125,3549.9599609375,3550.93505859375,6757
2023-12-28 18:30:00+00:00,3560.760009765625,3562.68505859375,3556.830078125,3559.590087890625,9116
2023-12-28 19:30:00+00:00,3560.64990234375,3562.590087890625,3555.735107421875,3558.8701171875,11753
2023-12-28 20:30:00+00:00,3550.52001953125,3562.0,3548.344970703125,3562.0,19960
2023-12-29 14:30:00+00:00,3570.0,3574.909912109375,3548.760009765625,3557.179931640625,17380
2023-12-29 15:30:00+00:00,3539.669921875,3566.25,3539.669921875,3566.25,12395
2023-12-29 16:30:00+00:00,3537.219970703125,3547.857666015625,3530.22998046875,3536.47998046875,9604
2023-12-29 17:30:00+00:00,3543.52001953125,3549.81005859375,3537.534912109375,3537.534912109375,7563
2023-12-29 18:30:00+00:00,3543.81005859375,3544.875,3537.820068359375,3543.409912109375,7167
2023-12-29 19:30:00+00:00,3547.929931640625,3547.929931640625,3542.35009765625,3544.6298828125,9157
2023-12-29 20:30:00+00:00,3546.300048828125,3548.639892578125,3533.659912109375,3546.590087890625,35400
